customer_id,name,email,phone,city,state,signup_date,loyalty_tier
C001,Sahil Reddy,user1@gmail.com,9896233790,Chennai,Tamil Nadu,2023-09-08,Bronze
C002,Divya Reddy,user2@outlook.com,9895285932,Ahmedabad,Gujarat,2023-03-31,Silver
C003,Priya Sharma,user3@gmail.com,9334760738,Hyderabad,Telangana,2024-06-01,Silver
C004,Shreya Das,user4@outlook.com,9797808098,Ahmedabad,Gujarat,2024-03-05,Bronze
C005,Nikhil Mehta,user5@gmail.com,9914763202,Bangalore,Karnataka,2024-03-08,Bronze
C006,Vikram Das,user6@yahoo.com,9209747451,Delhi,Delhi,2024-01-25,Bronze
C007,Neha Verma,user7@outlook.com,9384027113,Mumbai,Maharashtra,2024-04-15,Silver
C008,Simran Malhotra,user8@gmail.com,9692749116,Chennai,Tamil Nadu,2024-10-05,Silver
C009,Neha Verma,user9@outlook.com,9306468299,Delhi,Delhi,2023-02-16,Silver
C010,Manish Joshi,user10@gmail.com,9349957310,Delhi,Delhi,2024-01-25,Bronze
C011,Sahil Verma,user11@gmail.com,9497478786,Kolkata,West Bengal,2023-08-03,Silver
C012,Harsh Kumar,user12@outlook.com,9781802744,Bangalore,Karnataka,2024-06-30,Gold
C013,Ananya Teja,user13@yahoo.com,9389854268,Ahmedabad,Gujarat,2023-08-13,Silver
C014,Vivek Patel,user14@gmail.com,9982403818,Mumbai,Maharashtra,2023-11-20,Silver
C015,Amit Das,user15@outlook.com,9870854579,Kolkata,West Bengal,2023-08-06,Silver
C016,Karan Teja,user16@gmail.com,9384412919,Bangalore,Karnataka,2023-09-10,Gold
C017,Shreya Mehta,user17@outlook.com,9727694430,Pune,Maharashtra,2024-08-20,Bronze
C018,Kavya Singh,user18@outlook.com,9629908599,Delhi,Delhi,2023-02-18,Gold
C019,Vikram Iyer,user19@outlook.com,9553290810,Lucknow,Uttar Pradesh,2023-03-07,Bronze
C020,Ritu Teja,user20@outlook.com,9369953851,Ahmedabad,Gujarat,2023-01-12,Silver
C021,Sneha Kulkarni,user21@yahoo.com,9925276600,Kolkata,West Bengal,2023-04-25,Bronze
C022,Ananya Teja,user22@gmail.com,9875340444,Chennai,Tamil Nadu,2024-05-27,Gold
C023,Aditya Reddy,user23@outlook.com,9420452650,Ahmedabad,Gujarat,2024-09-15,Bronze
C024,Nisha Iyer,user24@outlook.com,9936043811,Ahmedabad,Gujarat,2023-01-01,Silver
C025,Meera Sharma,user25@gmail.com,9489747629,Chennai,Tamil Nadu,2023-09-03,Bronze
C026,Raj Jain,user26@gmail.com,9191969690,Jaipur,Rajasthan,2023-03-12,Platinum
C027,Shreya Singh,user27@gmail.com,9808402051,Jaipur,Rajasthan,2024-07-16,Bronze
C028,Aditya Choudhary,user28@yahoo.com,9327416584,Ahmedabad,Gujarat,2023-07-25,Gold
C029,Karan Verma,user29@yahoo.com,9655742829,Jaipur,Rajasthan,2023-05-04,Bronze
C030,Amit Rao,user30@gmail.com,9731691672,Ahmedabad,Gujarat,2023-08-24,Silver
C031,Rahul Kumar,user31@outlook.com,9777641645,Mumbai,Maharashtra,2023-08-23,Bronze
C032,Priya Rao,user32@gmail.com,9652070932,Hyderabad,Telangana,2023-10-13,Silver
C033,Rohit Kulkarni,user33@gmail.com,9876693898,Lucknow,Uttar Pradesh,2024-08-13,Silver
C034,Aisha Pillai,user34@yahoo.com,9304451095,Delhi,Delhi,2023-04-10,Silver
C035,Nisha Gupta,user35@yahoo.com,9601463916,Mumbai,Maharashtra,2024-11-20,Silver
C036,Sahil Reddy,user36@gmail.com,9532311310,Kolkata,West Bengal,2023-04-22,Bronze
C037,Rohit Kulkarni,user37@yahoo.com,9250519597,Pune,Maharashtra,2023-07-07,Bronze
C038,Kavya Kumar,user38@yahoo.com,9967607278,Ahmedabad,Gujarat,2023-04-11,Bronze
C039,Shreya Sharma,user39@gmail.com,9909134796,Hyderabad,Telangana,2023-06-20,Silver
C040,Meera Das,user40@yahoo.com,9162959284,Bangalore,Karnataka,2024-01-24,Bronze
C041,Karan Mehta,user41@yahoo.com,9406284028,Pune,Maharashtra,2024-07-23,Silver
C042,Meera Singh,user42@gmail.com,9418587604,Hyderabad,Telangana,2023-03-01,Silver
C043,Shreya Patel,user43@outlook.com,9436730606,Mumbai,Maharashtra,2023-02-21,Silver
C044,Aditya Banerjee,user44@gmail.com,9161073976,Ahmedabad,Gujarat,2023-03-24,Gold
C045,Amit Choudhary,user45@gmail.com,9825003955,Hyderabad,Telangana,2024-02-18,Bronze
C046,Raj Jain,user46@gmail.com,9721609600,Lucknow,Uttar Pradesh,2023-02-10,Silver
C047,Pooja Jain,user47@outlook.com,9661333669,Kolkata,West Bengal,2023-09-25,Bronze
C048,Harsh Rao,user48@gmail.com,9385201412,Pune,Maharashtra,2023-05-15,Silver
C049,Deepa Teja,user49@yahoo.com,9907308348,Delhi,Delhi,2023-01-10,Silver
C050,Nikhil Reddy,user50@gmail.com,9677280546,Hyderabad,Telangana,2024-06-02,Bronze
C051,Simran Verma,user51@gmail.com,9362298393,Kolkata,West Bengal,2023-10-19,Bronze
C052,Vivek Kulkarni,user52@outlook.com,9424825305,Lucknow,Uttar Pradesh,2024-10-31,Silver
C053,Tanvi Kulkarni,user53@yahoo.com,9812308209,Delhi,Delhi,2023-05-18,Bronze
C054,Raj Reddy,user54@outlook.com,9694019365,Bangalore,Karnataka,2023-10-06,Bronze
C055,Rohit Rao,user55@gmail.com,9838194420,Chennai,Tamil Nadu,2024-06-01,Silver
C056,Raj Patel,user56@gmail.com,9781057736,Pune,Maharashtra,2023-10-11,Bronze
C057,Suresh Singh,user57@outlook.com,9381272327,Bangalore,Karnataka,2024-03-28,Silver
C058,Pooja Kulkarni,user58@gmail.com,9220123666,Delhi,Delhi,2023-06-02,Silver
C059,Vivek Verma,user59@outlook.com,9693269304,Bangalore,Karnataka,2024-03-16,Bronze
C060,Deepa Verma,user60@gmail.com,9484194737,Hyderabad,Telangana,2024-11-29,Bronze
C061,Sneha Verma,user61@outlook.com,9536344399,Lucknow,Uttar Pradesh,2023-06-08,Platinum
C062,Kavya Iyer,user62@gmail.com,9542697755,Mumbai,Maharashtra,2023-07-03,Gold
C063,Suresh Gupta,user63@outlook.com,9889262019,Hyderabad,Telangana,2023-10-01,Bronze
C064,Harsh Reddy,user64@yahoo.com,9141580226,Jaipur,Rajasthan,2023-08-16,Bronze
C065,Simran Teja,user65@yahoo.com,9427696198,Hyderabad,Telangana,2023-08-17,Bronze
C066,Rohit Malhotra,user66@yahoo.com,9399147754,Delhi,Delhi,2023-10-13,Bronze
C067,Aditya Malhotra,user67@outlook.com,9675757257,Kolkata,West Bengal,2023-01-29,Bronze
C068,Arjun Iyer,user68@outlook.com,9385042337,Mumbai,Maharashtra,2023-04-22,Silver
C069,Nisha Rao,user69@yahoo.com,9750911797,Ahmedabad,Gujarat,2023-04-29,Bronze
C070,Nikhil Das,user70@yahoo.com,9147659674,Pune,Maharashtra,2023-01-02,Silver
C071,Aisha Kulkarni,user71@outlook.com,9872482077,Hyderabad,Telangana,2024-01-08,Silver
C072,Tanvi Rao,user72@outlook.com,9437064353,Delhi,Delhi,2023-11-04,Silver
C073,Tanvi Gupta,user73@yahoo.com,9532074125,Chennai,Tamil Nadu,2024-07-21,Bronze
C074,Pooja Malhotra,user74@outlook.com,9903303363,Bangalore,Karnataka,2024-09-22,Silver
C075,Karan Kulkarni,user75@gmail.com,9426283245,Chennai,Tamil Nadu,2023-08-04,Silver
C076,Nikhil Choudhary,user76@outlook.com,9446012478,Jaipur,Rajasthan,2024-03-28,Silver
C077,Rohit Banerjee,user77@yahoo.com,9952266893,Bangalore,Karnataka,2024-11-05,Bronze
C078,Aditya Choudhary,user78@yahoo.com,9200273738,Hyderabad,Telangana,2024-11-19,Bronze
C079,Aisha Das,user79@gmail.com,9126226563,Mumbai,Maharashtra,2023-09-08,Platinum
C080,Ritu Kumar,user80@yahoo.com,9545002643,Lucknow,Uttar Pradesh,2023-07-19,Gold
C081,Karan Pillai,user81@yahoo.com,9361976301,Bangalore,Karnataka,2024-11-02,Silver
C082,Raj Reddy,user82@yahoo.com,9334978881,Bangalore,Karnataka,2024-06-14,Silver
C083,Shreya Nair,user83@gmail.com,9590122159,Bangalore,Karnataka,2024-04-20,Silver
C084,Shreya Choudhary,user84@yahoo.com,9910943524,Jaipur,Rajasthan,2024-09-19,Gold
C085,Raj Banerjee,user85@yahoo.com,9991816852,Ahmedabad,Gujarat,2024-04-01,Gold
C086,Divya Pillai,user86@yahoo.com,9378304807,Hyderabad,Telangana,2024-10-14,Bronze
C087,Manish Banerjee,user87@yahoo.com,9772966010,Hyderabad,Telangana,2023-10-09,Silver
C088,Harsh Joshi,user88@gmail.com,9391751878,Kolkata,West Bengal,2023-11-24,Gold
C089,Amit Singh,user89@gmail.com,9348315126,Pune,Maharashtra,2023-06-06,Gold
C090,Amit Gupta,user90@yahoo.com,9455281184,Ahmedabad,Gujarat,2024-04-22,Silver
C091,Rohit Gupta,user91@yahoo.com,9926561919,Lucknow,Uttar Pradesh,2023-01-21,Gold
C092,Manish Jain,user92@yahoo.com,9612153089,Mumbai,Maharashtra,2023-12-27,Bronze
C093,Karan Gupta,user93@outlook.com,9902638839,Ahmedabad,Gujarat,2024-09-09,Gold
C094,Meera Nair,user94@yahoo.com,9567975319,Jaipur,Rajasthan,2023-01-30,Bronze
C095,Tanvi Malhotra,user95@outlook.com,9277215428,Jaipur,Rajasthan,2023-05-11,Platinum
C096,Shreya Sharma,user96@yahoo.com,9735540030,Lucknow,Uttar Pradesh,2024-11-09,Bronze
C097,Sahil Gupta,user97@gmail.com,9595744935,Bangalore,Karnataka,2023-02-21,Bronze
C098,Suresh Das,user98@yahoo.com,9450948014,Kolkata,West Bengal,2024-01-24,Bronze
C099,Vivek Gupta,user99@yahoo.com,9996478772,Delhi,Delhi,2024-04-26,Bronze
C100,Shreya Patel,user100@yahoo.com,9340756713,Delhi,Delhi,2024-10-29,Bronze
C101,Rahul Nair,user101@gmail.com,9121882877,Lucknow,Uttar Pradesh,2023-06-06,Bronze
C102,Meera Reddy,user102@outlook.com,9334037646,Jaipur,Rajasthan,2023-09-20,Gold
C103,Ananya Choudhary,user103@outlook.com,9903079055,Delhi,Delhi,2023-06-17,Platinum
C104,Sneha Jain,user104@gmail.com,9434961542,Lucknow,Uttar Pradesh,2024-11-24,Platinum
C105,Karan Malhotra,user105@outlook.com,9312954978,Delhi,Delhi,2024-08-29,Silver
C106,Sahil Nair,user106@gmail.com,9848605284,Chennai,Tamil Nadu,2024-12-01,Silver
C107,Sneha Jain,user107@gmail.com,9472807202,Ahmedabad,Gujarat,2024-03-14,Silver
C108,Amit Banerjee,user108@outlook.com,9466394187,Mumbai,Maharashtra,2024-03-06,Gold
C109,Sneha Gupta,user109@yahoo.com,9782454310,Jaipur,Rajasthan,2023-06-06,Silver
C110,Divya Banerjee,user110@outlook.com,9389998761,Lucknow,Uttar Pradesh,2024-07-05,Gold
C111,Ravi Gupta,user111@outlook.com,9736164778,Chennai,Tamil Nadu,2023-11-27,Gold
C112,Vivek Kumar,user112@yahoo.com,9584044963,Hyderabad,Telangana,2024-04-20,Silver
C113,Tanvi Malhotra,user113@yahoo.com,9130816384,Jaipur,Rajasthan,2023-11-29,Bronze
C114,Rohit Verma,user114@yahoo.com,9465436049,Chennai,Tamil Nadu,2024-09-02,Gold
C115,Arjun Kulkarni,user115@gmail.com,9654724287,Hyderabad,Telangana,2023-03-29,Bronze
C116,Pooja Pillai,user116@outlook.com,9914073098,Hyderabad,Telangana,2024-05-02,Silver
C117,Meera Teja,user117@gmail.com,9199915275,Chennai,Tamil Nadu,2023-08-15,Silver
C118,Kavya Joshi,user118@outlook.com,9724440558,Kolkata,West Bengal,2024-04-29,Silver
C119,Nisha Gupta,user119@outlook.com,9690975123,Kolkata,West Bengal,2023-12-27,Gold
C120,Arjun Joshi,user120@yahoo.com,9347538338,Delhi,Delhi,2023-07-17,Bronze
C121,Divya Kulkarni,user121@outlook.com,9298803134,Hyderabad,Telangana,2023-08-10,Gold
C122,Arjun Jain,user122@outlook.com,9740799178,Chennai,Tamil Nadu,2023-04-13,Gold
C123,Deepa Nair,user123@yahoo.com,9292673892,Chennai,Tamil Nadu,2023-01-15,Gold
C124,Vikram Mehta,user124@gmail.com,9158546865,Ahmedabad,Gujarat,2023-10-27,Silver
C125,Vikram Pillai,user125@gmail.com,9113169872,Lucknow,Uttar Pradesh,2023-10-19,Silver
C126,Ravi Rao,user126@gmail.com,9155165334,Chennai,Tamil Nadu,2024-05-04,Bronze
C127,Amit Malhotra,user127@yahoo.com,9179545125,Lucknow,Uttar Pradesh,2024-10-06,Silver
C128,Vikram Singh,user128@outlook.com,9426240903,Delhi,Delhi,2023-09-12,Bronze
C129,Manish Gupta,user129@outlook.com,9740086326,Lucknow,Uttar Pradesh,2023-08-20,Gold
C130,Karan Teja,user130@yahoo.com,9419280490,Lucknow,Uttar Pradesh,2024-03-15,Bronze
C131,Ritu Patel,user131@outlook.com,9894664845,Delhi,Delhi,2023-08-01,Silver
C132,Arjun Kumar,user132@gmail.com,9357553274,Bangalore,Karnataka,2024-07-19,Bronze
C133,Rahul Gupta,user133@yahoo.com,9840206617,Lucknow,Uttar Pradesh,2024-04-26,Bronze
C134,Kavya Joshi,user134@outlook.com,9403566540,Jaipur,Rajasthan,2023-03-14,Silver
C135,Simran Mehta,user135@outlook.com,9733281747,Hyderabad,Telangana,2024-03-11,Bronze
C136,Kavya Singh,user136@yahoo.com,9987588450,Bangalore,Karnataka,2023-03-15,Bronze
C137,Aisha Joshi,user137@outlook.com,9904187231,Lucknow,Uttar Pradesh,2023-10-23,Silver
C138,Ravi Joshi,user138@outlook.com,9532190231,Chennai,Tamil Nadu,2024-05-27,Silver
C139,Ravi Kumar,user139@outlook.com,9142800191,Pune,Maharashtra,2023-11-27,Silver
C140,Rahul Kumar,user140@gmail.com,9824022357,Lucknow,Uttar Pradesh,2024-08-24,Platinum
C141,Manish Mehta,user141@outlook.com,9143198431,Bangalore,Karnataka,2024-04-26,Silver
C142,Ravi Mehta,user142@gmail.com,9728492896,Pune,Maharashtra,2024-10-12,Gold
C143,Amit Pillai,user143@yahoo.com,9538460431,Kolkata,West Bengal,2023-11-25,Silver
C144,Neha Iyer,user144@yahoo.com,9542000551,Jaipur,Rajasthan,2023-10-23,Silver
C145,Karan Kulkarni,user145@gmail.com,9588365604,Delhi,Delhi,2023-11-19,Bronze
C146,Sneha Malhotra,user146@outlook.com,9985758835,Mumbai,Maharashtra,2024-11-04,Gold
C147,Ravi Gupta,user147@gmail.com,9301415220,Ahmedabad,Gujarat,2024-01-06,Silver
C148,Meera Teja,user148@gmail.com,9318568997,Chennai,Tamil Nadu,2024-07-16,Bronze
C149,Deepa Teja,user149@outlook.com,9620455331,Delhi,Delhi,2023-01-30,Platinum
C150,Ritu Nair,user150@outlook.com,9270057261,Chennai,Tamil Nadu,2024-07-18,Bronze
C151,Pooja Kumar,user151@gmail.com,9221827951,Jaipur,Rajasthan,2023-05-01,Silver
C152,Vikram Pillai,user152@outlook.com,9413383963,Ahmedabad,Gujarat,2023-10-07,Silver
C153,Meera Pillai,user153@gmail.com,9590470737,Ahmedabad,Gujarat,2023-05-29,Bronze
C154,Simran Choudhary,user154@outlook.com,9901325519,Bangalore,Karnataka,2023-03-13,Bronze
C155,Aisha Gupta,user155@yahoo.com,9945805127,Ahmedabad,Gujarat,2023-10-01,Gold
C156,Deepa Joshi,user156@outlook.com,9722687986,Jaipur,Rajasthan,2023-06-02,Silver
C157,Meera Verma,user157@yahoo.com,9692616814,Ahmedabad,Gujarat,2024-01-22,Silver
C158,Suresh Das,user158@outlook.com,9356415500,Lucknow,Uttar Pradesh,2024-01-28,Bronze
C159,Manish Gupta,user159@gmail.com,9441639230,Jaipur,Rajasthan,2024-01-26,Bronze
C160,Tanvi Singh,user160@yahoo.com,9139749508,Bangalore,Karnataka,2024-05-29,Platinum
C161,Suresh Reddy,user161@yahoo.com,9207064620,Ahmedabad,Gujarat,2024-04-12,Bronze
C162,Vikram Gupta,user162@outlook.com,9265744099,Delhi,Delhi,2024-04-25,Gold
C163,Arjun Rao,user163@outlook.com,9843785903,Pune,Maharashtra,2024-10-27,Bronze
C164,Suresh Kulkarni,user164@yahoo.com,9440012324,Jaipur,Rajasthan,2024-07-08,Bronze
C165,Amit Nair,user165@outlook.com,9834868441,Chennai,Tamil Nadu,2023-08-21,Gold
C166,Pooja Reddy,user166@outlook.com,9855797020,Delhi,Delhi,2024-03-30,Bronze
C167,Deepa Sharma,user167@gmail.com,9448294647,Mumbai,Maharashtra,2023-10-28,Bronze
C168,Pooja Singh,user168@gmail.com,9670335494,Pune,Maharashtra,2024-08-02,Silver
C169,Ananya Iyer,user169@gmail.com,9184791618,Lucknow,Uttar Pradesh,2024-01-27,Silver
C170,Kavya Pillai,user170@outlook.com,9253671484,Hyderabad,Telangana,2024-04-17,Silver
C171,Ravi Mehta,user171@outlook.com,9110090412,Jaipur,Rajasthan,2023-10-22,Silver
C172,Ananya Kumar,user172@yahoo.com,9471048258,Lucknow,Uttar Pradesh,2023-11-03,Silver
C173,Pooja Mehta,user173@yahoo.com,9424400672,Hyderabad,Telangana,2024-01-29,Gold
C174,Sneha Nair,user174@yahoo.com,9714097318,Kolkata,West Bengal,2024-08-11,Bronze
C175,Harsh Joshi,user175@gmail.com,9991246046,Pune,Maharashtra,2023-10-09,Bronze
C176,Neha Patel,user176@outlook.com,9900122509,Jaipur,Rajasthan,2023-10-21,Gold
C177,Kavya Choudhary,user177@yahoo.com,9335154329,Hyderabad,Telangana,2024-09-27,Bronze
C178,Manish Singh,user178@outlook.com,9204328975,Mumbai,Maharashtra,2023-11-13,Gold
C179,Priya Jain,user179@yahoo.com,9886365312,Bangalore,Karnataka,2023-04-03,Platinum
C180,Suresh Gupta,user180@gmail.com,9315601773,Bangalore,Karnataka,2024-07-06,Gold
C181,Nisha Banerjee,user181@outlook.com,9392624015,Bangalore,Karnataka,2023-09-21,Platinum
C182,Meera Joshi,user182@outlook.com,9463692735,Delhi,Delhi,2024-04-24,Platinum
C183,Vikram Nair,user183@outlook.com,9877621770,Pune,Maharashtra,2024-07-24,Bronze
C184,Aisha Malhotra,user184@gmail.com,9383960237,Ahmedabad,Gujarat,2023-05-07,Silver
C185,Tanvi Mehta,user185@outlook.com,9509123009,Kolkata,West Bengal,2023-04-21,Silver
C186,Meera Sharma,user186@outlook.com,9702806585,Kolkata,West Bengal,2024-09-16,Bronze
C187,Amit Teja,user187@outlook.com,9424474225,Pune,Maharashtra,2023-04-30,Bronze
C188,Priya Joshi,user188@yahoo.com,9224683417,Delhi,Delhi,2023-08-29,Gold
C189,Vikram Malhotra,user189@yahoo.com,9498370582,Ahmedabad,Gujarat,2024-03-05,Silver
C190,Divya Singh,user190@yahoo.com,9803217037,Delhi,Delhi,2024-05-16,Silver
C191,Arjun Patel,user191@outlook.com,9497853519,Hyderabad,Telangana,2024-03-30,Silver
C192,Kavya Verma,user192@gmail.com,9836243579,Kolkata,West Bengal,2024-07-11,Platinum
C193,Sahil Verma,user193@gmail.com,9527499187,Chennai,Tamil Nadu,2023-07-14,Platinum
C194,Neha Teja,user194@gmail.com,9811642514,Hyderabad,Telangana,2024-10-19,Silver
C195,Rahul Patel,user195@yahoo.com,9361530104,Bangalore,Karnataka,2024-08-01,Bronze
C196,Vivek Kulkarni,user196@gmail.com,9729624046,Hyderabad,Telangana,2023-08-27,Bronze
C197,Vikram Choudhary,user197@gmail.com,9397721596,Bangalore,Karnataka,2023-05-14,Silver
C198,Aisha Iyer,user198@gmail.com,9809805235,Mumbai,Maharashtra,2023-05-15,Bronze
C199,Aisha Nair,user199@outlook.com,9447646966,Mumbai,Maharashtra,2023-06-28,Bronze
C200,Vikram Gupta,user200@outlook.com,9222030010,Delhi,Delhi,2024-05-02,Silver
C201,Nisha Banerjee,user201@outlook.com,9217095851,Jaipur,Rajasthan,2024-05-30,Bronze
C202,Ritu Patel,user202@outlook.com,9940983577,Ahmedabad,Gujarat,2023-11-05,Silver
C203,Rahul Patel,user203@yahoo.com,9531233244,Pune,Maharashtra,2023-04-21,Silver
C204,Simran Teja,user204@gmail.com,9186748119,Kolkata,West Bengal,2024-09-14,Bronze
C205,Vikram Mehta,user205@outlook.com,9779760958,Lucknow,Uttar Pradesh,2024-07-15,Gold
C206,Karan Choudhary,user206@outlook.com,9416644047,Jaipur,Rajasthan,2024-06-01,Silver
C207,Sneha Reddy,user207@outlook.com,9798916441,Ahmedabad,Gujarat,2023-08-09,Silver
C208,Raj Nair,user208@yahoo.com,9463925049,Jaipur,Rajasthan,2024-02-13,Silver
C209,Sneha Rao,user209@yahoo.com,9435569630,Chennai,Tamil Nadu,2024-01-19,Platinum
C210,Tanvi Pillai,user210@gmail.com,9197951867,Delhi,Delhi,2023-04-06,Silver
C211,Divya Verma,user211@gmail.com,9697398528,Mumbai,Maharashtra,2024-08-23,Platinum
C212,Shreya Rao,user212@outlook.com,9231244840,Pune,Maharashtra,2023-12-29,Gold
C213,Manish Gupta,user213@outlook.com,9155239803,Chennai,Tamil Nadu,2024-09-06,Bronze
C214,Sneha Jain,user214@outlook.com,9328426553,Bangalore,Karnataka,2024-11-03,Silver
C215,Neha Reddy,user215@yahoo.com,9697285504,Kolkata,West Bengal,2023-04-28,Gold
C216,Nikhil Nair,user216@yahoo.com,9702332331,Lucknow,Uttar Pradesh,2024-09-20,Silver
C217,Shreya Sharma,user217@outlook.com,9806340901,Chennai,Tamil Nadu,2023-01-30,Bronze
C218,Harsh Joshi,user218@yahoo.com,9476908532,Mumbai,Maharashtra,2023-07-05,Gold
C219,Nikhil Malhotra,user219@gmail.com,9252336745,Mumbai,Maharashtra,2023-04-04,Gold
C220,Rohit Malhotra,user220@yahoo.com,9587098457,Kolkata,West Bengal,2023-06-11,Bronze
C221,Divya Rao,user221@outlook.com,9740190407,Delhi,Delhi,2023-02-23,Bronze
C222,Manish Choudhary,user222@gmail.com,9823668399,Delhi,Delhi,2023-10-06,Silver
C223,Pooja Pillai,user223@outlook.com,9574641329,Pune,Maharashtra,2023-10-07,Bronze
C224,Aditya Reddy,user224@yahoo.com,9561616250,Delhi,Delhi,2023-10-18,Silver
C225,Nikhil Pillai,user225@outlook.com,9816328133,Chennai,Tamil Nadu,2023-02-16,Bronze
C226,Ritu Patel,user226@gmail.com,9319497661,Chennai,Tamil Nadu,2023-08-05,Gold
C227,Manish Mehta,user227@yahoo.com,9452318696,Delhi,Delhi,2023-01-08,Silver
C228,Pooja Iyer,user228@gmail.com,9508244633,Ahmedabad,Gujarat,2023-08-24,Silver
C229,Vivek Verma,user229@gmail.com,9526351920,Mumbai,Maharashtra,2024-03-22,Bronze
C230,Simran Kumar,user230@yahoo.com,9718216692,Pune,Maharashtra,2024-08-10,Silver
C231,Sahil Gupta,user231@yahoo.com,9223666470,Pune,Maharashtra,2023-01-22,Platinum
C232,Ananya Choudhary,user232@yahoo.com,9993381017,Kolkata,West Bengal,2023-04-01,Silver
C233,Sneha Nair,user233@yahoo.com,9732295732,Pune,Maharashtra,2024-06-20,Bronze
C234,Neha Joshi,user234@outlook.com,9464549612,Hyderabad,Telangana,2023-12-08,Gold
C235,Amit Banerjee,user235@outlook.com,9222435172,Ahmedabad,Gujarat,2024-06-06,Bronze
C236,Manish Verma,user236@yahoo.com,9881017363,Bangalore,Karnataka,2023-08-30,Bronze
C237,Arjun Das,user237@gmail.com,9746820987,Bangalore,Karnataka,2024-11-02,Bronze
C238,Manish Pillai,user238@yahoo.com,9910080036,Lucknow,Uttar Pradesh,2024-08-16,Silver
C239,Simran Jain,user239@outlook.com,9782146375,Lucknow,Uttar Pradesh,2023-11-27,Gold
C240,Sahil Rao,user240@gmail.com,9572191734,Delhi,Delhi,2024-04-25,Silver
C241,Deepa Mehta,user241@outlook.com,9160314355,Kolkata,West Bengal,2024-06-03,Bronze
C242,Ravi Teja,user242@gmail.com,9161085229,Kolkata,West Bengal,2023-10-21,Bronze
C243,Neha Kumar,user243@outlook.com,9737888347,Ahmedabad,Gujarat,2024-01-29,Silver
C244,Shreya Patel,user244@yahoo.com,9969533218,Lucknow,Uttar Pradesh,2024-10-29,Bronze
C245,Ritu Pillai,user245@outlook.com,9261985842,Mumbai,Maharashtra,2024-04-06,Bronze
C246,Raj Rao,user246@outlook.com,9190547712,Ahmedabad,Gujarat,2024-10-23,Bronze
C247,Kavya Teja,user247@yahoo.com,9662714327,Ahmedabad,Gujarat,2024-09-16,Bronze
C248,Nisha Joshi,user248@yahoo.com,9538912794,Kolkata,West Bengal,2024-11-26,Silver
C249,Aisha Rao,user249@gmail.com,9454002758,Delhi,Delhi,2024-07-25,Silver
C250,Deepa Mehta,user250@outlook.com,9804980312,Lucknow,Uttar Pradesh,2023-06-03,Bronze
C251,Nikhil Singh,user251@yahoo.com,9433108786,Pune,Maharashtra,2023-05-13,Silver
C252,Amit Joshi,user252@outlook.com,9504456327,Kolkata,West Bengal,2023-05-11,Silver
C253,Vivek Banerjee,user253@gmail.com,9793663866,Pune,Maharashtra,2024-06-04,Bronze
C254,Nisha Joshi,user254@gmail.com,9329987621,Kolkata,West Bengal,2024-05-12,Bronze
C255,Vikram Singh,user255@gmail.com,9417604347,Delhi,Delhi,2024-06-03,Gold
C256,Vivek Banerjee,user256@gmail.com,9810741110,Kolkata,West Bengal,2024-09-24,Bronze
C257,Karan Singh,user257@gmail.com,9294181873,Lucknow,Uttar Pradesh,2023-06-19,Gold
C258,Priya Gupta,user258@yahoo.com,9826239153,Hyderabad,Telangana,2024-03-30,Silver
C259,Manish Teja,user259@gmail.com,9673390109,Hyderabad,Telangana,2023-11-13,Platinum
C260,Aisha Pillai,user260@gmail.com,9494966219,Lucknow,Uttar Pradesh,2024-03-27,Silver
C261,Deepa Malhotra,user261@outlook.com,9666355637,Pune,Maharashtra,2023-06-15,Gold
C262,Aisha Choudhary,user262@gmail.com,9368438908,Mumbai,Maharashtra,2024-10-18,Silver
C263,Nisha Kulkarni,user263@gmail.com,9863860982,Ahmedabad,Gujarat,2023-05-08,Bronze
C264,Manish Iyer,user264@yahoo.com,9582452834,Ahmedabad,Gujarat,2023-05-31,Gold
C265,Amit Nair,user265@yahoo.com,9475364113,Mumbai,Maharashtra,2024-02-29,Bronze
C266,Aditya Verma,user266@gmail.com,9514642708,Delhi,Delhi,2024-01-19,Bronze
C267,Suresh Reddy,user267@outlook.com,9797889971,Kolkata,West Bengal,2023-05-30,Bronze
C268,Deepa Pillai,user268@outlook.com,9992398092,Bangalore,Karnataka,2024-04-25,Silver
C269,Rahul Kumar,user269@gmail.com,9374796224,Hyderabad,Telangana,2023-06-03,Silver
C270,Divya Choudhary,user270@outlook.com,9554466340,Delhi,Delhi,2023-10-23,Bronze
C271,Sneha Patel,user271@gmail.com,9550784243,Lucknow,Uttar Pradesh,2024-04-13,Bronze
C272,Vivek Pillai,user272@outlook.com,9675583372,Mumbai,Maharashtra,2024-10-09,Silver
C273,Kavya Singh,user273@yahoo.com,9560891752,Mumbai,Maharashtra,2024-09-21,Bronze
C274,Nikhil Gupta,user274@gmail.com,9813363254,Delhi,Delhi,2024-06-20,Platinum
C275,Amit Banerjee,user275@outlook.com,9644738967,Ahmedabad,Gujarat,2024-07-21,Bronze
C276,Neha Pillai,user276@gmail.com,9782546314,Pune,Maharashtra,2024-01-18,Bronze
C277,Rahul Verma,user277@gmail.com,9470228863,Hyderabad,Telangana,2024-11-03,Silver
C278,Manish Jain,user278@outlook.com,9912477810,Kolkata,West Bengal,2023-05-17,Bronze
C279,Shreya Rao,user279@outlook.com,9288000513,Jaipur,Rajasthan,2024-05-05,Silver
C280,Aisha Singh,user280@gmail.com,9868847524,Jaipur,Rajasthan,2023-02-07,Bronze
C281,Priya Das,user281@gmail.com,9438868427,Chennai,Tamil Nadu,2024-06-11,Bronze
C282,Vivek Kulkarni,user282@yahoo.com,9371993587,Mumbai,Maharashtra,2024-10-24,Bronze
C283,Nisha Patel,user283@outlook.com,9456401418,Chennai,Tamil Nadu,2023-05-08,Gold
C284,Pooja Malhotra,user284@outlook.com,9572163615,Pune,Maharashtra,2023-12-14,Platinum
C285,Meera Pillai,user285@yahoo.com,9956084565,Ahmedabad,Gujarat,2023-10-01,Gold
C286,Divya Gupta,user286@gmail.com,9562360908,Lucknow,Uttar Pradesh,2023-07-04,Silver
C287,Suresh Reddy,user287@gmail.com,9452101316,Chennai,Tamil Nadu,2023-11-10,Silver
C288,Harsh Gupta,user288@gmail.com,9840629322,Jaipur,Rajasthan,2023-12-26,Silver
C289,Divya Verma,user289@outlook.com,9567013808,Chennai,Tamil Nadu,2024-10-16,Platinum
C290,Priya Kumar,user290@outlook.com,9784523874,Pune,Maharashtra,2024-01-08,Silver
C291,Divya Iyer,user291@gmail.com,9253308283,Lucknow,Uttar Pradesh,2024-11-25,Gold
C292,Priya Singh,user292@gmail.com,9353398109,Kolkata,West Bengal,2024-01-06,Bronze
C293,Nikhil Patel,user293@outlook.com,9264752975,Jaipur,Rajasthan,2024-01-15,Bronze
C294,Manish Kumar,user294@outlook.com,9247848992,Ahmedabad,Gujarat,2024-01-11,Bronze
C295,Sahil Mehta,user295@gmail.com,9221814525,Mumbai,Maharashtra,2023-07-10,Silver
C296,Karan Kulkarni,user296@gmail.com,9381080560,Chennai,Tamil Nadu,2024-04-01,Bronze
C297,Ritu Joshi,user297@outlook.com,9627422192,Hyderabad,Telangana,2023-05-06,Bronze
C298,Amit Teja,user298@gmail.com,9865975088,Jaipur,Rajasthan,2023-03-31,Gold
C299,Neha Rao,user299@outlook.com,9473045064,Delhi,Delhi,2024-07-17,Silver
C300,Raj Joshi,user300@gmail.com,9864299201,Bangalore,Karnataka,2024-01-06,Silver
C301,Sneha Das,user301@gmail.com,9354193540,Jaipur,Rajasthan,2023-01-27,Bronze
C302,Nikhil Verma,user302@yahoo.com,9962925204,Ahmedabad,Gujarat,2023-05-13,Silver
C303,Amit Kumar,user303@yahoo.com,9527521016,Jaipur,Rajasthan,2024-06-22,Silver
C304,Pooja Jain,user304@gmail.com,9234568604,Kolkata,West Bengal,2024-10-19,Bronze
C305,Ravi Banerjee,user305@yahoo.com,9237798236,Ahmedabad,Gujarat,2024-10-17,Silver
C306,Manish Singh,user306@yahoo.com,9639945876,Mumbai,Maharashtra,2023-05-08,Silver
C307,Deepa Iyer,user307@gmail.com,9446454337,Hyderabad,Telangana,2023-12-21,Platinum
C308,Aditya Joshi,user308@gmail.com,9369085407,Hyderabad,Telangana,2024-10-12,Platinum
C309,Arjun Singh,user309@outlook.com,9425155441,Lucknow,Uttar Pradesh,2024-06-30,Bronze
C310,Sahil Iyer,user310@outlook.com,9723464439,Bangalore,Karnataka,2023-06-25,Silver
C311,Divya Choudhary,user311@yahoo.com,9705180256,Mumbai,Maharashtra,2023-01-30,Bronze
C312,Sahil Jain,user312@yahoo.com,9799145494,Hyderabad,Telangana,2024-08-08,Silver
C313,Sahil Sharma,user313@yahoo.com,9773412230,Ahmedabad,Gujarat,2023-10-24,Silver
C314,Deepa Pillai,user314@gmail.com,9964027324,Pune,Maharashtra,2023-11-01,Silver
C315,Harsh Patel,user315@gmail.com,9572022811,Pune,Maharashtra,2024-05-10,Silver
C316,Suresh Choudhary,user316@gmail.com,9435632899,Kolkata,West Bengal,2023-12-20,Platinum
C317,Vikram Verma,user317@outlook.com,9703068400,Delhi,Delhi,2023-11-23,Bronze
C318,Sneha Mehta,user318@yahoo.com,9366200875,Bangalore,Karnataka,2023-04-10,Bronze
C319,Karan Choudhary,user319@yahoo.com,9366578178,Bangalore,Karnataka,2023-12-02,Platinum
C320,Divya Rao,user320@gmail.com,9919395339,Bangalore,Karnataka,2024-05-25,Platinum
C321,Ravi Pillai,user321@yahoo.com,9634047267,Mumbai,Maharashtra,2023-04-03,Platinum
C322,Aditya Teja,user322@gmail.com,9331009561,Lucknow,Uttar Pradesh,2023-12-28,Bronze
C323,Deepa Pillai,user323@outlook.com,9802506364,Jaipur,Rajasthan,2023-10-20,Silver
C324,Neha Reddy,user324@yahoo.com,9243811545,Chennai,Tamil Nadu,2024-01-10,Gold
C325,Nisha Patel,user325@yahoo.com,9154930149,Lucknow,Uttar Pradesh,2024-07-29,Bronze
C326,Shreya Joshi,user326@gmail.com,9514838889,Ahmedabad,Gujarat,2024-04-06,Gold
C327,Arjun Choudhary,user327@outlook.com,9756102581,Delhi,Delhi,2023-05-12,Platinum
C328,Karan Verma,user328@yahoo.com,9698967370,Kolkata,West Bengal,2023-05-28,Bronze
C329,Aditya Malhotra,user329@outlook.com,9143223380,Mumbai,Maharashtra,2023-02-09,Bronze
C330,Suresh Pillai,user330@outlook.com,9590687732,Bangalore,Karnataka,2024-09-12,Gold
C331,Vikram Rao,user331@outlook.com,9442019016,Bangalore,Karnataka,2024-02-07,Platinum
C332,Divya Joshi,user332@outlook.com,9461178244,Ahmedabad,Gujarat,2024-06-05,Silver
C333,Harsh Jain,user333@yahoo.com,9609912042,Mumbai,Maharashtra,2024-01-13,Bronze
C334,Sneha Gupta,user334@outlook.com,9430366556,Mumbai,Maharashtra,2024-09-03,Silver
C335,Sahil Jain,user335@outlook.com,9344322679,Mumbai,Maharashtra,2024-08-20,Silver
C336,Aditya Choudhary,user336@yahoo.com,9258672959,Hyderabad,Telangana,2023-02-02,Silver
C337,Harsh Reddy,user337@gmail.com,9120333847,Jaipur,Rajasthan,2023-11-18,Silver
C338,Pooja Das,user338@yahoo.com,9638824588,Lucknow,Uttar Pradesh,2024-04-27,Gold
C339,Divya Patel,user339@outlook.com,9248264937,Ahmedabad,Gujarat,2023-08-01,Silver
C340,Tanvi Pillai,user340@outlook.com,9504612520,Kolkata,West Bengal,2023-06-27,Silver
C341,Shreya Rao,user341@outlook.com,9480412754,Chennai,Tamil Nadu,2024-09-16,Silver
C342,Kavya Mehta,user342@outlook.com,9420511037,Hyderabad,Telangana,2023-11-01,Gold
C343,Harsh Das,user343@outlook.com,9856975382,Jaipur,Rajasthan,2023-11-21,Silver
C344,Shreya Mehta,user344@yahoo.com,9230861323,Lucknow,Uttar Pradesh,2024-11-23,Silver
C345,Raj Malhotra,user345@yahoo.com,9930071496,Bangalore,Karnataka,2023-10-25,Bronze
C346,Harsh Kumar,user346@yahoo.com,9574997731,Chennai,Tamil Nadu,2024-05-05,Bronze
C347,Vivek Kulkarni,user347@yahoo.com,9703462253,Chennai,Tamil Nadu,2023-05-21,Bronze
C348,Divya Jain,user348@gmail.com,9360337343,Mumbai,Maharashtra,2024-11-16,Platinum
C349,Kavya Nair,user349@gmail.com,9207586738,Pune,Maharashtra,2023-12-05,Gold
C350,Sneha Singh,user350@gmail.com,9690936560,Bangalore,Karnataka,2024-02-21,Silver
C351,Raj Pillai,user351@yahoo.com,9798510601,Hyderabad,Telangana,2023-10-22,Bronze
C352,Sahil Patel,user352@gmail.com,9800400428,Lucknow,Uttar Pradesh,2023-08-26,Silver
C353,Divya Patel,user353@gmail.com,9548700579,Bangalore,Karnataka,2023-02-07,Platinum
C354,Karan Pillai,user354@gmail.com,9904236062,Chennai,Tamil Nadu,2023-02-08,Bronze
C355,Nikhil Choudhary,user355@gmail.com,9459748735,Chennai,Tamil Nadu,2024-04-10,Platinum
C356,Shreya Banerjee,user356@yahoo.com,9244096091,Ahmedabad,Gujarat,2024-04-24,Bronze
C357,Aisha Reddy,user357@yahoo.com,9274476883,Jaipur,Rajasthan,2024-10-25,Bronze
C358,Ananya Sharma,user358@outlook.com,9461971444,Chennai,Tamil Nadu,2024-08-04,Silver
C359,Rohit Iyer,user359@outlook.com,9785826598,Pune,Maharashtra,2024-03-13,Silver
C360,Amit Malhotra,user360@outlook.com,9202418976,Bangalore,Karnataka,2023-05-24,Silver
C361,Simran Nair,user361@gmail.com,9380016058,Pune,Maharashtra,2023-08-30,Silver
C362,Arjun Rao,user362@yahoo.com,9725412469,Lucknow,Uttar Pradesh,2023-01-12,Bronze
C363,Nisha Nair,user363@gmail.com,9817029885,Delhi,Delhi,2024-04-21,Bronze
C364,Karan Banerjee,user364@outlook.com,9926610534,Chennai,Tamil Nadu,2023-05-01,Silver
C365,Deepa Verma,user365@outlook.com,9337135066,Hyderabad,Telangana,2023-05-17,Silver
C366,Ravi Choudhary,user366@yahoo.com,9546510829,Ahmedabad,Gujarat,2024-04-27,Gold
C367,Aisha Das,user367@gmail.com,9830511568,Lucknow,Uttar Pradesh,2023-03-25,Silver
C368,Aditya Verma,user368@gmail.com,9705771555,Delhi,Delhi,2023-03-05,Gold
C369,Raj Banerjee,user369@gmail.com,9714933740,Ahmedabad,Gujarat,2023-06-03,Bronze
C370,Neha Banerjee,user370@yahoo.com,9224811770,Hyderabad,Telangana,2024-08-20,Silver
C371,Raj Banerjee,user371@yahoo.com,9968326513,Mumbai,Maharashtra,2024-04-09,Bronze
C372,Pooja Teja,user372@outlook.com,9161994392,Ahmedabad,Gujarat,2024-04-18,Silver
C373,Deepa Sharma,user373@yahoo.com,9373221357,Mumbai,Maharashtra,2023-08-12,Silver
C374,Priya Gupta,user374@yahoo.com,9852032540,Delhi,Delhi,2024-07-08,Platinum
C375,Simran Kumar,user375@yahoo.com,9134075063,Chennai,Tamil Nadu,2024-02-23,Bronze
C376,Vikram Gupta,user376@yahoo.com,9510684364,Jaipur,Rajasthan,2024-01-22,Bronze
C377,Tanvi Kulkarni,user377@gmail.com,9801726890,Kolkata,West Bengal,2023-05-02,Bronze
C378,Shreya Malhotra,user378@outlook.com,9236737888,Hyderabad,Telangana,2023-01-04,Gold
C379,Deepa Teja,user379@outlook.com,9872121274,Ahmedabad,Gujarat,2024-03-10,Silver
C380,Vivek Nair,user380@gmail.com,9594592624,Kolkata,West Bengal,2023-06-08,Bronze
C381,Simran Reddy,user381@gmail.com,9969170578,Pune,Maharashtra,2024-09-21,Gold
C382,Raj Sharma,user382@gmail.com,9321278458,Delhi,Delhi,2023-04-14,Silver
C383,Ravi Choudhary,user383@outlook.com,9855147872,Mumbai,Maharashtra,2023-09-08,Gold
C384,Karan Teja,user384@gmail.com,9679562681,Hyderabad,Telangana,2023-02-27,Bronze
C385,Deepa Nair,user385@outlook.com,9718593766,Kolkata,West Bengal,2024-08-14,Silver
C386,Tanvi Rao,user386@gmail.com,9424017094,Bangalore,Karnataka,2024-11-07,Silver
C387,Pooja Joshi,user387@yahoo.com,9165452764,Ahmedabad,Gujarat,2024-08-28,Gold
C388,Simran Iyer,user388@outlook.com,9828802398,Pune,Maharashtra,2024-07-23,Silver
C389,Nisha Malhotra,user389@outlook.com,9442238518,Pune,Maharashtra,2024-02-23,Bronze
C390,Karan Iyer,user390@outlook.com,9608436962,Hyderabad,Telangana,2023-08-19,Bronze
C391,Harsh Singh,user391@yahoo.com,9161873231,Ahmedabad,Gujarat,2024-02-27,Platinum
C392,Shreya Banerjee,user392@gmail.com,9517061783,Hyderabad,Telangana,2023-09-19,Bronze
C393,Sahil Kumar,user393@yahoo.com,9498441427,Delhi,Delhi,2024-07-02,Gold
C394,Rohit Patel,user394@yahoo.com,9504981031,Lucknow,Uttar Pradesh,2024-09-09,Bronze
C395,Amit Das,user395@outlook.com,9877716824,Ahmedabad,Gujarat,2023-08-11,Silver
C396,Neha Rao,user396@yahoo.com,9116464447,Hyderabad,Telangana,2023-07-14,Platinum
C397,Sneha Pillai,user397@gmail.com,9846923032,Lucknow,Uttar Pradesh,2023-07-29,Bronze
C398,Kavya Kulkarni,user398@yahoo.com,9932701695,Chennai,Tamil Nadu,2024-01-25,Silver
C399,Sahil Verma,user399@yahoo.com,9380849661,Kolkata,West Bengal,2024-06-09,Gold
C400,Ravi Reddy,user400@outlook.com,9604111500,Kolkata,West Bengal,2023-07-28,Bronze
C401,Pooja Patel,user401@outlook.com,9337591250,Bangalore,Karnataka,2023-01-17,Bronze
C402,Simran Jain,user402@outlook.com,9873106931,Pune,Maharashtra,2023-10-30,Bronze
C403,Suresh Nair,user403@yahoo.com,9711806831,Hyderabad,Telangana,2024-05-26,Silver
C404,Tanvi Rao,user404@yahoo.com,9919652226,Jaipur,Rajasthan,2024-10-19,Gold
C405,Ravi Iyer,user405@outlook.com,9953598460,Kolkata,West Bengal,2023-06-23,Bronze
C406,Shreya Pillai,user406@gmail.com,9682115008,Mumbai,Maharashtra,2024-06-20,Bronze
C407,Neha Kumar,user407@outlook.com,9152091933,Mumbai,Maharashtra,2024-02-27,Bronze
C408,Sahil Nair,user408@gmail.com,9859317542,Bangalore,Karnataka,2023-01-10,Bronze
C409,Ravi Verma,user409@gmail.com,9763395529,Lucknow,Uttar Pradesh,2024-05-09,Silver
C410,Rahul Sharma,user410@outlook.com,9692322761,Pune,Maharashtra,2023-01-13,Bronze
C411,Divya Mehta,user411@outlook.com,9407829477,Mumbai,Maharashtra,2024-05-29,Gold
C412,Tanvi Gupta,user412@gmail.com,9214908010,Delhi,Delhi,2024-06-20,Bronze
C413,Rohit Choudhary,user413@outlook.com,9371031968,Kolkata,West Bengal,2023-10-01,Gold
C414,Amit Verma,user414@yahoo.com,9592845076,Lucknow,Uttar Pradesh,2023-09-07,Platinum
C415,Kavya Joshi,user415@outlook.com,9989124880,Delhi,Delhi,2024-10-31,Platinum
C416,Sahil Patel,user416@gmail.com,9535164258,Pune,Maharashtra,2024-01-22,Silver
C417,Priya Sharma,user417@outlook.com,9284021712,Delhi,Delhi,2024-05-26,Gold
C418,Sahil Rao,user418@outlook.com,9202393989,Ahmedabad,Gujarat,2023-02-13,Bronze
C419,Raj Jain,user419@yahoo.com,9391086098,Mumbai,Maharashtra,2023-03-18,Silver
C420,Arjun Kulkarni,user420@outlook.com,9806639422,Mumbai,Maharashtra,2023-07-03,Platinum
C421,Suresh Sharma,user421@gmail.com,9730325223,Bangalore,Karnataka,2024-02-12,Platinum
C422,Deepa Iyer,user422@outlook.com,9358205053,Lucknow,Uttar Pradesh,2024-02-03,Silver
C423,Shreya Rao,user423@yahoo.com,9911329267,Bangalore,Karnataka,2023-03-22,Silver
C424,Nisha Patel,user424@gmail.com,9569319938,Hyderabad,Telangana,2023-03-19,Bronze
C425,Manish Choudhary,user425@outlook.com,9525956648,Kolkata,West Bengal,2023-01-31,Silver
C426,Aisha Teja,user426@yahoo.com,9344961731,Kolkata,West Bengal,2024-07-20,Platinum
C427,Pooja Iyer,user427@outlook.com,9729078621,Pune,Maharashtra,2023-03-29,Gold
C428,Deepa Nair,user428@outlook.com,9178927201,Delhi,Delhi,2023-10-02,Bronze
C429,Harsh Singh,user429@outlook.com,9518353415,Kolkata,West Bengal,2024-01-05,Bronze
C430,Rahul Joshi,user430@yahoo.com,9486458467,Chennai,Tamil Nadu,2023-04-15,Bronze
C431,Ananya Gupta,user431@yahoo.com,9698058121,Ahmedabad,Gujarat,2024-06-08,Silver
C432,Rahul Kumar,user432@yahoo.com,9695088987,Delhi,Delhi,2024-09-03,Silver
C433,Suresh Malhotra,user433@gmail.com,9413368711,Pune,Maharashtra,2024-02-02,Gold
C434,Divya Kulkarni,user434@gmail.com,9714137833,Ahmedabad,Gujarat,2023-06-23,Silver
C435,Ananya Singh,user435@yahoo.com,9423337234,Chennai,Tamil Nadu,2024-05-19,Bronze
C436,Ananya Gupta,user436@yahoo.com,9552155193,Chennai,Tamil Nadu,2024-05-10,Gold
C437,Nisha Mehta,user437@gmail.com,9874059895,Jaipur,Rajasthan,2024-08-31,Silver
C438,Ravi Reddy,user438@gmail.com,9427124037,Mumbai,Maharashtra,2024-02-10,Bronze
C439,Ritu Malhotra,user439@yahoo.com,9572685761,Kolkata,West Bengal,2024-03-16,Gold
C440,Neha Choudhary,user440@gmail.com,9422589929,Kolkata,West Bengal,2024-09-09,Platinum
C441,Rohit Pillai,user441@yahoo.com,9290736564,Pune,Maharashtra,2023-11-23,Bronze
C442,Harsh Pillai,user442@outlook.com,9939638591,Hyderabad,Telangana,2023-11-30,Bronze
C443,Vivek Malhotra,user443@yahoo.com,9222286118,Lucknow,Uttar Pradesh,2023-07-24,Silver
C444,Shreya Iyer,user444@outlook.com,9924223452,Ahmedabad,Gujarat,2023-01-28,Platinum
C445,Ravi Das,user445@yahoo.com,9956508307,Chennai,Tamil Nadu,2023-03-12,Gold
C446,Aisha Gupta,user446@outlook.com,9636122747,Bangalore,Karnataka,2024-10-10,Bronze
C447,Arjun Singh,user447@outlook.com,9554330180,Pune,Maharashtra,2023-03-17,Silver
C448,Ritu Pillai,user448@outlook.com,9530361198,Ahmedabad,Gujarat,2024-06-02,Platinum
C449,Neha Gupta,user449@outlook.com,9139476288,Kolkata,West Bengal,2024-07-03,Silver
C450,Simran Kumar,user450@gmail.com,9925658123,Hyderabad,Telangana,2024-11-04,Silver
C451,Ananya Choudhary,user451@gmail.com,9704753177,Pune,Maharashtra,2023-12-06,Platinum
C452,Pooja Reddy,user452@gmail.com,9205877984,Chennai,Tamil Nadu,2023-08-16,Silver
C453,Aditya Kulkarni,user453@outlook.com,9838374035,Lucknow,Uttar Pradesh,2023-08-15,Silver
C454,Karan Teja,user454@outlook.com,9731993655,Ahmedabad,Gujarat,2023-06-04,Bronze
C455,Rahul Pillai,user455@gmail.com,9417217932,Pune,Maharashtra,2023-03-29,Bronze
C456,Divya Singh,user456@yahoo.com,9434889710,Kolkata,West Bengal,2024-04-11,Gold
C457,Aditya Pillai,user457@yahoo.com,9611275626,Delhi,Delhi,2024-03-24,Gold
C458,Ravi Rao,user458@gmail.com,9422406106,Mumbai,Maharashtra,2023-04-28,Bronze
C459,Suresh Reddy,user459@outlook.com,9959047280,Bangalore,Karnataka,2023-09-07,Silver
C460,Shreya Iyer,user460@yahoo.com,9701133236,Pune,Maharashtra,2024-04-18,Bronze
C461,Karan Iyer,user461@gmail.com,9787708952,Pune,Maharashtra,2024-02-10,Bronze
C462,Ritu Das,user462@yahoo.com,9735873300,Pune,Maharashtra,2024-02-03,Bronze
C463,Rohit Das,user463@yahoo.com,9907803348,Delhi,Delhi,2024-08-14,Bronze
C464,Neha Kulkarni,user464@gmail.com,9492767278,Kolkata,West Bengal,2023-07-21,Silver
C465,Arjun Pillai,user465@outlook.com,9786237617,Kolkata,West Bengal,2024-09-03,Bronze
C466,Karan Jain,user466@gmail.com,9473581239,Kolkata,West Bengal,2024-04-13,Silver
C467,Vivek Joshi,user467@outlook.com,9733688460,Delhi,Delhi,2024-11-19,Bronze
C468,Sneha Nair,user468@yahoo.com,9225572934,Bangalore,Karnataka,2024-01-18,Silver
C469,Aditya Malhotra,user469@yahoo.com,9740407346,Bangalore,Karnataka,2024-08-11,Bronze
C470,Ananya Pillai,user470@outlook.com,9677006598,Bangalore,Karnataka,2024-07-22,Bronze
C471,Deepa Singh,user471@gmail.com,9437777716,Jaipur,Rajasthan,2024-09-26,Bronze
C472,Nisha Sharma,user472@yahoo.com,9246603034,Hyderabad,Telangana,2024-01-29,Platinum
C473,Aditya Pillai,user473@yahoo.com,9835187452,Jaipur,Rajasthan,2024-03-01,Gold
C474,Ravi Pillai,user474@gmail.com,9188766909,Lucknow,Uttar Pradesh,2023-02-01,Gold
C475,Kavya Joshi,user475@gmail.com,9395121074,Hyderabad,Telangana,2024-07-04,Bronze
C476,Manish Teja,user476@outlook.com,9897272900,Jaipur,Rajasthan,2024-07-16,Silver
C477,Nikhil Reddy,user477@yahoo.com,9932271276,Ahmedabad,Gujarat,2024-01-11,Silver
C478,Manish Patel,user478@outlook.com,9573913756,Ahmedabad,Gujarat,2023-08-12,Platinum
C479,Sneha Nair,user479@yahoo.com,9134607126,Jaipur,Rajasthan,2023-09-27,Bronze
C480,Vivek Kumar,user480@yahoo.com,9226042285,Hyderabad,Telangana,2023-08-03,Gold
C481,Nikhil Verma,user481@outlook.com,9755263618,Pune,Maharashtra,2023-06-19,Silver
C482,Aisha Das,user482@gmail.com,9964835149,Mumbai,Maharashtra,2024-08-06,Bronze
C483,Arjun Choudhary,user483@outlook.com,9280793819,Kolkata,West Bengal,2023-10-27,Bronze
C484,Arjun Banerjee,user484@outlook.com,9975293837,Delhi,Delhi,2023-05-19,Platinum
C485,Aisha Gupta,user485@gmail.com,9397773877,Bangalore,Karnataka,2023-05-16,Bronze
C486,Harsh Rao,user486@gmail.com,9917626034,Pune,Maharashtra,2024-05-16,Bronze
C487,Sahil Mehta,user487@outlook.com,9544770805,Pune,Maharashtra,2024-04-07,Bronze
C488,Aisha Kumar,user488@yahoo.com,9653635749,Chennai,Tamil Nadu,2024-01-13,Silver
C489,Meera Rao,user489@outlook.com,9102655449,Delhi,Delhi,2024-04-14,Silver
C490,Harsh Verma,user490@gmail.com,9954352670,Ahmedabad,Gujarat,2024-02-12,Bronze
C491,Pooja Das,user491@yahoo.com,9388339233,Kolkata,West Bengal,2023-10-18,Bronze
C492,Nikhil Singh,user492@outlook.com,9621127607,Kolkata,West Bengal,2024-11-29,Gold
C493,Priya Reddy,user493@outlook.com,9941695219,Jaipur,Rajasthan,2023-01-17,Bronze
C494,Neha Iyer,user494@yahoo.com,9590182620,Mumbai,Maharashtra,2024-03-14,Bronze
C495,Harsh Singh,user495@outlook.com,9424125621,Bangalore,Karnataka,2023-10-08,Bronze
C496,Nisha Mehta,user496@gmail.com,9499264207,Bangalore,Karnataka,2023-02-23,Bronze
C497,Deepa Nair,user497@yahoo.com,9803821904,Delhi,Delhi,2023-04-08,Bronze
C498,Meera Kumar,user498@gmail.com,9737458510,Hyderabad,Telangana,2024-06-15,Silver
C499,Rahul Sharma,user499@outlook.com,9468909933,Delhi,Delhi,2024-03-08,Silver
C500,Meera Kumar,user500@gmail.com,9511318205,Delhi,Delhi,2023-04-15,Bronze
