event_id,customer_id,session_id,event_type,product_id,event_timestamp
E001,C365,SESS0099,view,P301,2023-07-12 16:58:00
E002,C097,SESS0109,view,P219,2023-10-08 22:19:00
E003,C257,SESS0137,add_to_cart,P196,2024-03-27 09:46:00
E004,C211,SESS0193,purchase,P373,2024-08-19 02:06:00
E005,C326,SESS0147,purchase,P177,2024-07-21 04:17:00
E006,C384,SESS0054,purchase,P204,2024-05-23 09:00:00
E007,C087,SESS0126,view,P036,2024-07-01 22:26:00
E008,C269,SESS0107,add_to_cart,P376,2024-01-07 05:11:00
E009,C192,SESS0048,add_to_cart,P102,2024-02-05 05:32:00
E010,C486,SESS0029,view,P417,2023-09-17 05:12:00
E011,C031,SESS0192,view,P389,2023-09-07 08:57:00
E012,C447,SESS0105,view,P468,2024-04-15 03:55:00
E013,C326,SESS0043,view,P044,2023-12-11 03:17:00
E014,C033,SESS0088,view,P121,2024-01-31 15:43:00
E015,C390,SESS0026,view,P137,2024-06-19 00:42:00
E016,C299,SESS0011,view,P268,2024-07-10 00:24:00
E017,C309,SESS0134,search,NA,2024-06-24 08:59:00
E018,C249,SESS0122,purchase,P310,2024-01-06 10:23:00
E019,C350,SESS0088,search,NA,2024-07-23 07:23:00
E020,C341,SESS0103,view,P030,2023-11-30 10:51:00
E021,C052,SESS0001,view,P358,2023-12-23 23:53:00
E022,C455,SESS0036,view,P063,2024-08-18 16:17:00
E023,C487,SESS0180,purchase,P128,2023-12-06 14:39:00
E024,C352,SESS0169,purchase,P264,2023-12-29 21:12:00
E025,C002,SESS0164,search,NA,2024-07-21 10:01:00
E026,C325,SESS0093,purchase,P497,2024-07-18 23:20:00
E027,C348,SESS0114,view,P249,2023-12-22 23:39:00
E028,C407,SESS0021,view,P481,2024-01-30 21:54:00
E029,C359,SESS0026,add_to_cart,P151,2024-04-06 06:45:00
E030,C074,SESS0134,purchase,P402,2024-08-12 22:32:00
E031,C017,SESS0033,view,P045,2023-11-02 21:35:00
E032,C448,SESS0120,view,P229,2023-07-30 15:42:00
E033,C277,SESS0062,view,P088,2024-06-20 21:44:00
E034,C046,SESS0028,view,P367,2023-06-15 05:59:00
E035,C476,SESS0084,purchase,P393,2023-10-22 07:46:00
E036,C132,SESS0171,view,P460,2024-05-09 03:42:00
E037,C070,SESS0137,add_to_cart,P252,2023-07-17 22:21:00
E038,C447,SESS0058,purchase,P393,2024-04-03 02:41:00
E039,C176,SESS0097,purchase,P381,2024-06-11 23:24:00
E040,C335,SESS0165,purchase,P495,2024-08-12 13:51:00
E041,C120,SESS0058,view,P149,2023-07-15 03:05:00
E042,C175,SESS0190,add_to_cart,P097,2024-06-16 03:36:00
E043,C189,SESS0033,purchase,P489,2023-12-12 18:47:00
E044,C001,SESS0080,view,P275,2023-09-06 12:27:00
E045,C164,SESS0198,view,P348,2024-07-12 04:33:00
E046,C340,SESS0155,add_to_cart,P055,2023-12-20 00:34:00
E047,C437,SESS0118,view,P418,2023-10-30 07:31:00
E048,C349,SESS0117,view,P146,2023-08-14 23:42:00
E049,C435,SESS0180,view,P164,2023-11-06 16:44:00
E050,C064,SESS0071,search,NA,2024-05-27 18:30:00
E051,C324,SESS0056,view,P361,2023-12-10 01:51:00
E052,C171,SESS0040,purchase,P108,2024-08-08 23:59:00
E053,C415,SESS0058,add_to_cart,P027,2024-08-17 05:54:00
E054,C250,SESS0187,view,P418,2024-05-03 05:01:00
E055,C281,SESS0101,view,P348,2024-01-29 11:48:00
E056,C201,SESS0101,view,P373,2023-10-23 09:44:00
E057,C473,SESS0050,add_to_cart,P281,2023-12-19 03:08:00
E058,C166,SESS0193,purchase,P444,2024-07-17 01:54:00
E059,C479,SESS0182,view,P336,2023-08-23 18:08:00
E060,C227,SESS0179,view,P460,2023-08-14 06:13:00
E061,C412,SESS0192,view,P334,2023-06-05 11:46:00
E062,C439,SESS0148,view,P403,2024-08-13 04:24:00
E063,C487,SESS0110,add_to_cart,P087,2023-06-29 03:22:00
E064,C499,SESS0122,view,P027,2023-07-31 16:41:00
E065,C174,SESS0152,view,P077,2024-04-17 23:25:00
E066,C126,SESS0009,view,P204,2024-02-06 09:44:00
E067,C306,SESS0045,add_to_cart,P193,2024-07-02 22:50:00
E068,C344,SESS0169,view,P238,2024-08-16 20:24:00
E069,C141,SESS0162,add_to_cart,P189,2023-06-06 03:07:00
E070,C043,SESS0032,view,P343,2024-02-16 07:01:00
E071,C301,SESS0147,search,NA,2024-02-01 08:44:00
E072,C382,SESS0025,purchase,P093,2023-12-14 15:41:00
E073,C360,SESS0112,view,P065,2023-07-21 10:04:00
E074,C366,SESS0138,view,P417,2024-05-24 00:25:00
E075,C285,SESS0138,purchase,P272,2024-02-06 02:33:00
E076,C429,SESS0150,add_to_cart,P420,2024-07-09 20:07:00
E077,C386,SESS0193,view,P338,2023-07-31 05:55:00
E078,C307,SESS0178,view,P285,2024-01-15 10:07:00
E079,C021,SESS0033,add_to_cart,P335,2023-08-22 02:35:00
E080,C132,SESS0193,view,P064,2024-02-15 09:23:00
E081,C495,SESS0140,view,P484,2024-05-02 00:15:00
E082,C154,SESS0012,purchase,P266,2024-07-05 09:42:00
E083,C274,SESS0114,view,P252,2024-05-21 10:33:00
E084,C467,SESS0091,add_to_cart,P262,2023-09-16 22:06:00
E085,C340,SESS0012,view,P097,2023-08-12 09:54:00
E086,C427,SESS0056,search,NA,2024-04-04 17:13:00
E087,C303,SESS0092,view,P374,2024-04-14 13:04:00
E088,C282,SESS0066,view,P333,2023-08-23 12:29:00
E089,C043,SESS0066,add_to_cart,P482,2024-05-21 04:34:00
E090,C105,SESS0019,add_to_cart,P138,2024-04-20 22:41:00
E091,C099,SESS0183,view,P337,2024-04-27 16:38:00
E092,C084,SESS0108,purchase,P162,2024-07-08 13:24:00
E093,C014,SESS0155,view,P139,2023-08-03 17:07:00
E094,C351,SESS0141,view,P169,2024-04-23 02:23:00
E095,C466,SESS0086,purchase,P075,2024-08-18 07:17:00
E096,C006,SESS0026,view,P497,2023-09-22 12:06:00
E097,C401,SESS0032,view,P373,2024-08-22 09:37:00
E098,C421,SESS0126,view,P179,2024-05-24 18:55:00
E099,C145,SESS0142,view,P051,2023-06-25 05:20:00
E100,C485,SESS0193,view,P177,2024-07-17 23:43:00
E101,C496,SESS0137,add_to_cart,P452,2024-08-09 12:30:00
E102,C304,SESS0033,view,P352,2024-02-18 22:09:00
E103,C337,SESS0033,view,P291,2024-06-11 08:03:00
E104,C471,SESS0186,add_to_cart,P190,2024-05-28 07:43:00
E105,C312,SESS0108,add_to_cart,P094,2024-01-11 11:51:00
E106,C240,SESS0129,view,P488,2024-01-06 16:45:00
E107,C452,SESS0059,view,P440,2023-07-15 09:26:00
E108,C395,SESS0081,purchase,P325,2023-07-11 02:46:00
E109,C123,SESS0024,view,P030,2023-07-14 23:18:00
E110,C284,SESS0127,purchase,P006,2024-01-04 21:32:00
E111,C478,SESS0188,view,P255,2024-02-19 21:43:00
E112,C455,SESS0137,add_to_cart,P208,2023-06-08 19:12:00
E113,C467,SESS0191,view,P218,2024-05-25 17:47:00
E114,C177,SESS0063,search,NA,2024-05-04 16:43:00
E115,C312,SESS0011,add_to_cart,P494,2023-08-26 21:59:00
E116,C452,SESS0196,add_to_cart,P116,2023-08-29 02:23:00
E117,C430,SESS0035,add_to_cart,P488,2023-06-27 13:31:00
E118,C195,SESS0044,view,P058,2023-11-21 21:15:00
E119,C426,SESS0139,purchase,P440,2023-07-31 09:19:00
E120,C248,SESS0076,view,P002,2024-06-12 20:36:00
E121,C202,SESS0056,purchase,P476,2024-04-25 16:52:00
E122,C458,SESS0010,purchase,P457,2024-04-12 15:03:00
E123,C183,SESS0002,add_to_cart,P169,2023-10-31 11:06:00
E124,C003,SESS0090,purchase,P096,2023-12-23 11:00:00
E125,C052,SESS0111,view,P044,2024-02-26 16:57:00
E126,C079,SESS0106,view,P250,2023-06-04 04:49:00
E127,C337,SESS0065,view,P203,2023-12-09 09:23:00
E128,C220,SESS0047,add_to_cart,P138,2023-07-26 14:42:00
E129,C430,SESS0113,view,P182,2024-06-17 13:00:00
E130,C184,SESS0182,view,P098,2023-10-24 01:08:00
E131,C203,SESS0108,add_to_cart,P462,2023-06-17 05:42:00
E132,C102,SESS0123,search,NA,2023-10-15 03:26:00
E133,C251,SESS0141,view,P350,2024-05-31 04:20:00
E134,C385,SESS0196,purchase,P205,2024-02-12 23:59:00
E135,C380,SESS0100,view,P491,2023-07-26 00:08:00
E136,C080,SESS0089,add_to_cart,P393,2024-05-16 07:03:00
E137,C348,SESS0088,view,P306,2024-06-12 00:27:00
E138,C246,SESS0075,view,P043,2024-06-24 13:15:00
E139,C317,SESS0040,add_to_cart,P096,2023-10-06 08:49:00
E140,C059,SESS0068,search,NA,2023-10-05 21:52:00
E141,C220,SESS0051,view,P401,2024-07-19 03:44:00
E142,C374,SESS0129,add_to_cart,P097,2024-08-11 18:40:00
E143,C325,SESS0039,view,P068,2023-12-23 01:17:00
E144,C099,SESS0038,view,P316,2023-09-11 02:55:00
E145,C027,SESS0098,view,P157,2024-05-24 20:14:00
E146,C114,SESS0087,view,P032,2024-02-17 13:41:00
E147,C027,SESS0078,view,P187,2023-10-22 11:45:00
E148,C215,SESS0064,view,P025,2023-09-02 01:00:00
E149,C027,SESS0170,add_to_cart,P109,2023-10-25 15:17:00
E150,C466,SESS0156,view,P095,2023-10-08 15:23:00
E151,C172,SESS0078,view,P343,2023-06-07 21:35:00
E152,C395,SESS0034,view,P380,2024-07-19 11:47:00
E153,C399,SESS0151,add_to_cart,P191,2023-09-30 20:17:00
E154,C108,SESS0150,view,P455,2023-07-25 04:40:00
E155,C381,SESS0155,view,P301,2024-05-01 06:12:00
E156,C361,SESS0115,purchase,P039,2024-03-06 19:21:00
E157,C155,SESS0186,view,P390,2023-09-12 17:46:00
E158,C079,SESS0012,view,P215,2024-03-08 22:16:00
E159,C457,SESS0195,purchase,P465,2024-03-13 11:57:00
E160,C188,SESS0115,add_to_cart,P061,2024-01-10 02:30:00
E161,C215,SESS0135,purchase,P258,2024-07-09 00:10:00
E162,C307,SESS0071,add_to_cart,P067,2023-10-27 01:36:00
E163,C032,SESS0178,view,P418,2023-12-21 15:43:00
E164,C273,SESS0132,search,NA,2023-08-24 14:48:00
E165,C261,SESS0099,add_to_cart,P200,2023-12-23 19:17:00
E166,C106,SESS0048,view,P293,2023-09-20 18:44:00
E167,C005,SESS0132,view,P363,2024-06-03 16:16:00
E168,C156,SESS0057,view,P138,2024-03-09 03:10:00
E169,C115,SESS0012,add_to_cart,P150,2023-06-21 20:09:00
E170,C483,SESS0072,purchase,P139,2024-08-21 01:41:00
E171,C128,SESS0054,add_to_cart,P001,2024-04-28 11:40:00
E172,C310,SESS0095,view,P485,2024-05-27 17:16:00
E173,C370,SESS0035,view,P314,2023-10-29 10:03:00
E174,C321,SESS0003,purchase,P113,2024-06-09 08:11:00
E175,C132,SESS0005,add_to_cart,P445,2024-07-03 18:06:00
E176,C370,SESS0191,add_to_cart,P485,2024-04-30 08:55:00
E177,C321,SESS0163,add_to_cart,P106,2024-07-23 14:14:00
E178,C167,SESS0069,view,P323,2024-07-18 12:09:00
E179,C229,SESS0060,add_to_cart,P223,2023-12-06 04:57:00
E180,C246,SESS0024,view,P236,2023-09-03 05:12:00
E181,C292,SESS0126,purchase,P093,2024-04-27 09:01:00
E182,C159,SESS0042,purchase,P419,2023-12-19 21:38:00
E183,C097,SESS0018,view,P219,2023-10-04 14:58:00
E184,C331,SESS0104,view,P270,2023-08-10 23:48:00
E185,C414,SESS0004,add_to_cart,P194,2023-12-14 00:07:00
E186,C424,SESS0004,purchase,P330,2023-06-23 04:15:00
E187,C395,SESS0022,view,P481,2024-04-17 19:00:00
E188,C406,SESS0003,search,NA,2023-07-25 17:47:00
E189,C419,SESS0087,purchase,P044,2023-09-12 04:30:00
E190,C389,SESS0145,purchase,P418,2023-08-23 09:21:00
E191,C246,SESS0040,view,P279,2024-05-20 08:40:00
E192,C279,SESS0032,view,P023,2023-07-23 17:18:00
E193,C053,SESS0131,purchase,P213,2023-08-12 00:58:00
E194,C115,SESS0007,view,P198,2023-08-15 11:41:00
E195,C147,SESS0058,purchase,P351,2023-12-14 21:56:00
E196,C367,SESS0029,view,P057,2023-09-23 03:18:00
E197,C183,SESS0020,add_to_cart,P061,2023-12-02 02:57:00
E198,C023,SESS0155,view,P220,2024-02-27 10:38:00
E199,C093,SESS0174,view,P458,2024-05-07 21:19:00
E200,C320,SESS0074,view,P054,2023-10-17 15:42:00
E201,C189,SESS0068,purchase,P365,2024-07-13 02:50:00
E202,C002,SESS0039,purchase,P076,2023-11-11 04:24:00
E203,C229,SESS0185,purchase,P500,2024-01-31 02:07:00
E204,C296,SESS0110,search,NA,2023-10-21 04:05:00
E205,C166,SESS0033,view,P198,2023-11-28 10:31:00
E206,C218,SESS0124,add_to_cart,P212,2024-04-04 20:21:00
E207,C071,SESS0168,purchase,P197,2024-01-01 17:31:00
E208,C276,SESS0137,view,P275,2024-07-25 07:24:00
E209,C043,SESS0149,add_to_cart,P270,2024-03-22 22:51:00
E210,C384,SESS0057,add_to_cart,P121,2023-12-03 00:13:00
E211,C436,SESS0005,view,P243,2023-08-08 03:03:00
E212,C467,SESS0090,view,P435,2024-08-17 04:18:00
E213,C236,SESS0037,purchase,P283,2024-01-02 07:13:00
E214,C424,SESS0058,view,P071,2023-07-31 22:45:00
E215,C074,SESS0097,add_to_cart,P357,2024-01-04 11:03:00
E216,C360,SESS0028,add_to_cart,P038,2024-01-31 19:55:00
E217,C081,SESS0008,view,P073,2023-07-11 07:04:00
E218,C007,SESS0146,purchase,P214,2023-08-16 05:30:00
E219,C381,SESS0036,add_to_cart,P358,2023-11-01 15:26:00
E220,C370,SESS0087,view,P331,2024-05-21 00:18:00
E221,C057,SESS0040,view,P329,2023-06-17 19:48:00
E222,C089,SESS0129,view,P203,2024-07-31 13:43:00
E223,C486,SESS0117,add_to_cart,P425,2023-10-11 18:32:00
E224,C157,SESS0182,view,P477,2023-08-20 08:05:00
E225,C268,SESS0097,search,NA,2023-08-04 23:13:00
E226,C206,SESS0159,view,P201,2023-09-03 23:35:00
E227,C310,SESS0020,purchase,P240,2024-01-31 10:41:00
E228,C329,SESS0104,purchase,P085,2023-06-28 11:41:00
E229,C218,SESS0050,view,P054,2023-07-10 11:38:00
E230,C399,SESS0086,view,P145,2023-08-23 17:06:00
E231,C034,SESS0055,add_to_cart,P388,2023-11-06 06:35:00
E232,C104,SESS0164,purchase,P124,2023-10-16 02:36:00
E233,C290,SESS0012,add_to_cart,P405,2024-02-03 01:03:00
E234,C162,SESS0024,purchase,P005,2023-11-30 09:25:00
E235,C257,SESS0050,view,P201,2024-06-06 11:08:00
E236,C360,SESS0173,view,P209,2024-06-14 16:06:00
E237,C258,SESS0199,view,P301,2024-07-12 12:30:00
E238,C301,SESS0010,view,P078,2024-05-15 14:05:00
E239,C454,SESS0161,view,P368,2023-09-27 06:51:00
E240,C349,SESS0168,view,P368,2023-08-22 16:33:00
E241,C374,SESS0156,add_to_cart,P477,2024-06-28 10:28:00
E242,C403,SESS0034,view,P185,2024-04-15 13:02:00
E243,C457,SESS0183,purchase,P199,2023-10-01 06:39:00
E244,C311,SESS0020,search,NA,2024-03-17 20:31:00
E245,C050,SESS0004,view,P446,2023-11-06 17:55:00
E246,C497,SESS0023,view,P233,2023-11-08 05:59:00
E247,C152,SESS0042,view,P296,2023-12-04 11:05:00
E248,C037,SESS0046,add_to_cart,P236,2023-10-11 15:16:00
E249,C391,SESS0114,add_to_cart,P072,2023-08-03 18:31:00
E250,C021,SESS0094,purchase,P206,2023-12-27 19:58:00
E251,C349,SESS0034,view,P263,2024-08-06 19:20:00
E252,C192,SESS0022,add_to_cart,P260,2024-01-17 08:56:00
E253,C449,SESS0175,view,P330,2023-06-30 23:50:00
E254,C126,SESS0180,purchase,P005,2023-08-19 03:18:00
E255,C193,SESS0041,add_to_cart,P438,2023-07-08 07:24:00
E256,C448,SESS0119,add_to_cart,P179,2024-01-25 14:41:00
E257,C274,SESS0120,view,P093,2024-06-09 03:58:00
E258,C492,SESS0102,purchase,P103,2023-12-23 10:04:00
E259,C163,SESS0088,search,NA,2024-02-04 06:44:00
E260,C380,SESS0122,view,P233,2023-06-20 17:09:00
E261,C486,SESS0121,view,P110,2023-11-11 18:02:00
E262,C308,SESS0199,view,P480,2024-07-18 11:50:00
E263,C221,SESS0122,view,P109,2024-08-18 00:48:00
E264,C351,SESS0109,view,P326,2023-08-30 02:09:00
E265,C036,SESS0071,view,P153,2024-08-21 22:28:00
E266,C447,SESS0108,add_to_cart,P343,2023-10-11 05:53:00
E267,C028,SESS0024,purchase,P220,2023-11-23 09:10:00
E268,C102,SESS0090,purchase,P247,2024-01-30 17:44:00
E269,C402,SESS0042,search,NA,2024-01-10 11:58:00
E270,C355,SESS0147,view,P006,2024-03-14 19:12:00
E271,C040,SESS0186,add_to_cart,P316,2023-08-14 10:42:00
E272,C422,SESS0188,add_to_cart,P378,2024-06-10 10:00:00
E273,C078,SESS0118,purchase,P256,2024-08-16 10:07:00
E274,C406,SESS0173,view,P267,2024-06-04 00:28:00
E275,C483,SESS0033,add_to_cart,P328,2024-03-23 03:02:00
E276,C112,SESS0191,search,NA,2024-01-02 22:34:00
E277,C397,SESS0043,add_to_cart,P111,2023-11-26 06:12:00
E278,C498,SESS0174,add_to_cart,P008,2023-12-07 11:01:00
E279,C155,SESS0079,add_to_cart,P445,2023-08-03 22:31:00
E280,C333,SESS0117,view,P181,2023-11-28 17:27:00
E281,C268,SESS0196,view,P475,2023-08-30 14:27:00
E282,C192,SESS0046,add_to_cart,P084,2024-03-04 13:24:00
E283,C146,SESS0169,add_to_cart,P224,2024-04-20 09:44:00
E284,C318,SESS0026,search,NA,2024-07-17 03:05:00
E285,C333,SESS0005,add_to_cart,P211,2023-07-24 15:47:00
E286,C385,SESS0160,purchase,P052,2024-04-20 14:32:00
E287,C298,SESS0009,add_to_cart,P437,2024-01-02 06:14:00
E288,C398,SESS0117,add_to_cart,P059,2023-09-09 15:07:00
E289,C180,SESS0119,view,P421,2024-04-26 22:50:00
E290,C380,SESS0102,view,P192,2024-07-05 07:32:00
E291,C146,SESS0069,purchase,P136,2023-11-05 13:43:00
E292,C124,SESS0002,purchase,P213,2023-06-17 00:01:00
E293,C079,SESS0096,purchase,P266,2024-07-24 23:38:00
E294,C163,SESS0086,view,P293,2024-01-07 07:35:00
E295,C499,SESS0101,view,P330,2023-12-19 01:51:00
E296,C478,SESS0148,view,P481,2024-04-21 12:46:00
E297,C089,SESS0104,purchase,P265,2023-08-21 13:14:00
E298,C051,SESS0182,purchase,P259,2023-07-31 20:36:00
E299,C402,SESS0101,purchase,P322,2023-10-12 17:10:00
E300,C486,SESS0083,view,P048,2023-06-14 13:00:00
E301,C322,SESS0198,add_to_cart,P015,2024-04-12 22:34:00
E302,C472,SESS0021,add_to_cart,P013,2024-06-15 23:08:00
E303,C233,SESS0163,add_to_cart,P184,2023-09-04 07:41:00
E304,C460,SESS0057,view,P275,2024-08-04 07:46:00
E305,C400,SESS0097,purchase,P338,2023-06-27 08:05:00
E306,C479,SESS0037,add_to_cart,P327,2024-03-23 03:07:00
E307,C236,SESS0153,view,P073,2023-10-23 08:57:00
E308,C093,SESS0024,view,P433,2023-12-03 06:25:00
E309,C052,SESS0126,purchase,P212,2023-07-08 15:40:00
E310,C040,SESS0054,add_to_cart,P193,2023-11-08 20:58:00
E311,C231,SESS0042,view,P006,2023-08-31 21:36:00
E312,C324,SESS0156,purchase,P061,2023-11-23 11:30:00
E313,C315,SESS0154,add_to_cart,P082,2024-02-23 23:16:00
E314,C475,SESS0032,view,P016,2024-03-01 00:33:00
E315,C263,SESS0195,view,P444,2023-12-04 03:57:00
E316,C112,SESS0008,view,P113,2023-07-13 23:44:00
E317,C482,SESS0033,view,P247,2023-09-11 02:22:00
E318,C363,SESS0142,add_to_cart,P240,2024-06-16 15:27:00
E319,C263,SESS0103,purchase,P129,2023-08-28 06:43:00
E320,C434,SESS0184,view,P202,2023-07-23 18:50:00
E321,C393,SESS0151,view,P407,2023-09-14 23:31:00
E322,C222,SESS0115,view,P383,2023-10-18 10:39:00
E323,C056,SESS0156,view,P103,2024-03-17 11:23:00
E324,C460,SESS0162,purchase,P231,2023-08-25 01:32:00
E325,C130,SESS0151,view,P310,2024-07-28 20:33:00
E326,C181,SESS0102,view,P093,2024-07-19 10:27:00
E327,C405,SESS0048,view,P038,2023-09-19 21:23:00
E328,C191,SESS0038,purchase,P063,2023-06-05 10:44:00
E329,C006,SESS0184,view,P239,2024-03-17 10:57:00
E330,C120,SESS0144,view,P146,2024-04-04 06:33:00
E331,C112,SESS0027,add_to_cart,P367,2024-04-07 21:04:00
E332,C294,SESS0166,view,P388,2024-01-09 10:52:00
E333,C164,SESS0051,view,P411,2024-02-08 15:02:00
E334,C141,SESS0108,view,P232,2023-08-27 19:20:00
E335,C303,SESS0099,view,P011,2023-10-24 00:41:00
E336,C402,SESS0148,search,NA,2024-01-23 09:08:00
E337,C431,SESS0104,view,P274,2024-02-26 01:21:00
E338,C331,SESS0005,view,P049,2024-07-29 13:46:00
E339,C155,SESS0071,view,P178,2023-12-22 02:35:00
E340,C397,SESS0081,view,P025,2023-12-19 09:44:00
E341,C233,SESS0127,purchase,P496,2023-08-02 11:39:00
E342,C053,SESS0008,view,P423,2023-06-06 04:06:00
E343,C166,SESS0177,add_to_cart,P116,2023-08-27 02:12:00
E344,C371,SESS0095,purchase,P276,2023-06-03 22:55:00
E345,C027,SESS0067,purchase,P023,2023-07-27 01:19:00
E346,C039,SESS0068,view,P314,2024-07-10 12:17:00
E347,C358,SESS0044,purchase,P299,2024-01-22 03:08:00
E348,C164,SESS0038,purchase,P455,2024-08-09 13:40:00
E349,C229,SESS0172,view,P271,2023-10-02 18:30:00
E350,C339,SESS0126,search,NA,2023-11-12 23:30:00
E351,C116,SESS0024,view,P152,2024-05-30 02:22:00
E352,C286,SESS0063,add_to_cart,P377,2024-08-12 06:44:00
E353,C040,SESS0020,search,NA,2023-07-01 06:00:00
E354,C344,SESS0056,view,P198,2023-09-05 15:06:00
E355,C175,SESS0054,purchase,P390,2024-02-26 16:54:00
E356,C161,SESS0195,purchase,P363,2024-01-19 20:09:00
E357,C435,SESS0130,view,P067,2023-09-21 11:24:00
E358,C500,SESS0116,purchase,P263,2023-09-12 12:12:00
E359,C036,SESS0072,view,P352,2023-11-05 18:41:00
E360,C053,SESS0038,view,P055,2024-06-16 03:15:00
E361,C009,SESS0118,view,P015,2024-01-30 21:33:00
E362,C232,SESS0091,view,P475,2024-03-08 02:22:00
E363,C221,SESS0055,view,P258,2024-01-07 16:21:00
E364,C028,SESS0113,view,P051,2023-06-26 20:24:00
E365,C375,SESS0109,view,P097,2023-12-24 05:38:00
E366,C142,SESS0136,add_to_cart,P266,2024-01-08 03:43:00
E367,C026,SESS0166,view,P057,2023-09-21 03:03:00
E368,C459,SESS0010,add_to_cart,P123,2023-07-04 17:06:00
E369,C142,SESS0058,purchase,P359,2024-06-01 12:25:00
E370,C202,SESS0026,view,P422,2024-08-24 22:17:00
E371,C254,SESS0053,view,P105,2023-11-25 20:18:00
E372,C362,SESS0153,view,P002,2023-07-19 05:32:00
E373,C465,SESS0180,add_to_cart,P379,2023-11-04 22:15:00
E374,C088,SESS0081,add_to_cart,P086,2023-09-04 10:57:00
E375,C234,SESS0037,search,NA,2024-05-07 15:27:00
E376,C172,SESS0006,view,P136,2023-07-10 05:43:00
E377,C390,SESS0003,add_to_cart,P497,2024-01-29 18:00:00
E378,C251,SESS0064,view,P024,2024-07-24 00:36:00
E379,C349,SESS0075,purchase,P269,2024-02-13 05:48:00
E380,C076,SESS0199,view,P156,2024-07-16 23:21:00
E381,C232,SESS0126,add_to_cart,P280,2023-10-10 21:31:00
E382,C130,SESS0094,view,P424,2023-11-28 09:45:00
E383,C171,SESS0133,purchase,P439,2024-08-16 19:30:00
E384,C058,SESS0070,add_to_cart,P373,2024-04-23 00:09:00
E385,C211,SESS0057,add_to_cart,P073,2023-11-30 15:01:00
E386,C126,SESS0148,add_to_cart,P499,2024-01-07 11:13:00
E387,C382,SESS0023,view,P489,2023-12-11 20:06:00
E388,C495,SESS0071,purchase,P348,2024-03-05 14:56:00
E389,C270,SESS0045,view,P348,2023-11-26 10:25:00
E390,C302,SESS0107,purchase,P142,2023-11-06 06:02:00
E391,C297,SESS0134,add_to_cart,P428,2024-04-09 03:27:00
E392,C408,SESS0117,add_to_cart,P406,2024-07-10 11:18:00
E393,C057,SESS0003,view,P351,2023-08-15 14:43:00
E394,C077,SESS0134,search,NA,2024-04-15 17:42:00
E395,C084,SESS0078,view,P034,2024-07-14 09:00:00
E396,C233,SESS0011,view,P423,2024-03-30 03:03:00
E397,C251,SESS0079,view,P181,2024-05-04 00:03:00
E398,C129,SESS0036,view,P146,2024-07-07 16:42:00
E399,C491,SESS0197,add_to_cart,P489,2023-07-15 22:17:00
E400,C074,SESS0188,view,P300,2023-07-12 09:14:00
E401,C017,SESS0122,purchase,P128,2024-07-20 21:40:00
E402,C198,SESS0109,view,P463,2023-07-21 08:58:00
E403,C155,SESS0153,view,P289,2024-01-10 21:56:00
E404,C166,SESS0149,view,P394,2023-09-11 08:08:00
E405,C214,SESS0142,view,P157,2023-07-14 09:36:00
E406,C475,SESS0161,view,P094,2023-12-10 13:06:00
E407,C071,SESS0135,view,P161,2024-02-13 21:45:00
E408,C184,SESS0120,view,P239,2024-01-02 13:29:00
E409,C015,SESS0144,view,P393,2024-01-02 02:48:00
E410,C072,SESS0158,purchase,P403,2023-10-03 18:32:00
E411,C192,SESS0033,add_to_cart,P461,2024-03-16 09:03:00
E412,C387,SESS0101,view,P344,2023-06-04 14:51:00
E413,C391,SESS0133,view,P028,2023-07-14 01:17:00
E414,C425,SESS0167,view,P305,2023-07-20 09:36:00
E415,C247,SESS0177,view,P032,2023-08-02 23:37:00
E416,C346,SESS0131,add_to_cart,P028,2024-05-25 06:33:00
E417,C074,SESS0144,add_to_cart,P254,2023-08-09 07:57:00
E418,C346,SESS0164,purchase,P155,2024-04-17 09:46:00
E419,C480,SESS0002,purchase,P320,2024-05-18 06:07:00
E420,C035,SESS0001,view,P451,2023-08-01 16:06:00
E421,C127,SESS0053,view,P013,2024-07-31 16:28:00
E422,C201,SESS0015,purchase,P154,2023-12-25 15:11:00
E423,C420,SESS0061,purchase,P280,2023-10-12 19:43:00
E424,C225,SESS0169,add_to_cart,P222,2023-08-14 20:01:00
E425,C095,SESS0037,purchase,P337,2023-10-02 05:32:00
E426,C380,SESS0180,add_to_cart,P244,2024-02-01 09:18:00
E427,C342,SESS0026,search,NA,2024-02-08 11:42:00
E428,C141,SESS0101,view,P410,2023-07-25 14:26:00
E429,C417,SESS0109,view,P146,2024-01-21 03:36:00
E430,C200,SESS0003,add_to_cart,P018,2024-04-26 20:57:00
E431,C337,SESS0159,view,P465,2023-11-29 04:29:00
E432,C452,SESS0186,view,P005,2023-08-21 11:32:00
E433,C439,SESS0129,view,P463,2024-05-27 16:24:00
E434,C263,SESS0017,view,P078,2023-11-28 20:46:00
E435,C289,SESS0087,view,P440,2024-07-07 04:17:00
E436,C402,SESS0196,add_to_cart,P473,2023-12-19 02:58:00
E437,C430,SESS0166,view,P493,2024-01-28 19:42:00
E438,C093,SESS0148,add_to_cart,P260,2024-07-02 21:33:00
E439,C133,SESS0034,add_to_cart,P302,2024-03-24 11:37:00
E440,C317,SESS0104,view,P016,2024-08-10 23:10:00
E441,C119,SESS0025,add_to_cart,P256,2024-05-13 15:20:00
E442,C390,SESS0060,search,NA,2024-07-18 23:50:00
E443,C122,SESS0027,purchase,P090,2024-06-07 12:48:00
E444,C499,SESS0108,purchase,P032,2024-04-09 08:07:00
E445,C020,SESS0192,view,P391,2023-12-09 19:40:00
E446,C431,SESS0008,purchase,P165,2023-07-26 22:28:00
E447,C194,SESS0035,search,NA,2024-03-20 17:12:00
E448,C101,SESS0065,view,P348,2023-10-25 07:12:00
E449,C380,SESS0042,view,P271,2024-07-19 06:05:00
E450,C299,SESS0007,add_to_cart,P343,2023-07-20 06:02:00
E451,C415,SESS0036,purchase,P185,2024-07-01 13:36:00
E452,C280,SESS0019,view,P350,2024-06-08 23:41:00
E453,C271,SESS0128,view,P107,2024-03-19 15:32:00
E454,C181,SESS0092,add_to_cart,P287,2024-08-10 04:51:00
E455,C035,SESS0113,view,P193,2024-08-21 02:36:00
E456,C041,SESS0033,purchase,P153,2023-07-22 03:31:00
E457,C119,SESS0014,add_to_cart,P170,2023-06-12 07:52:00
E458,C482,SESS0075,purchase,P129,2023-12-17 22:22:00
E459,C035,SESS0041,search,NA,2023-07-09 17:36:00
E460,C124,SESS0133,purchase,P257,2023-11-07 12:39:00
E461,C030,SESS0140,add_to_cart,P057,2024-03-25 15:59:00
E462,C470,SESS0068,add_to_cart,P017,2023-11-21 13:16:00
E463,C103,SESS0086,purchase,P031,2023-08-11 06:35:00
E464,C419,SESS0188,view,P388,2024-05-05 01:15:00
E465,C253,SESS0019,purchase,P289,2024-04-08 22:53:00
E466,C392,SESS0010,view,P037,2023-12-31 19:47:00
E467,C314,SESS0021,purchase,P246,2023-08-06 08:46:00
E468,C022,SESS0027,view,P260,2023-09-24 20:22:00
E469,C221,SESS0123,view,P436,2024-08-22 07:01:00
E470,C477,SESS0015,view,P401,2024-07-20 06:34:00
E471,C312,SESS0098,add_to_cart,P378,2023-06-10 17:30:00
E472,C027,SESS0100,purchase,P357,2023-08-04 13:44:00
E473,C219,SESS0141,view,P225,2023-07-31 19:57:00
E474,C189,SESS0091,view,P224,2023-06-30 07:14:00
E475,C048,SESS0151,view,P212,2024-06-17 17:36:00
E476,C024,SESS0004,purchase,P128,2024-07-21 01:04:00
E477,C030,SESS0033,view,P145,2023-06-23 10:22:00
E478,C309,SESS0168,purchase,P150,2023-08-06 19:25:00
E479,C246,SESS0169,view,P040,2023-07-10 08:34:00
E480,C106,SESS0127,add_to_cart,P417,2023-11-30 07:28:00
E481,C366,SESS0078,purchase,P400,2024-03-09 09:55:00
E482,C335,SESS0063,add_to_cart,P137,2023-11-11 22:34:00
E483,C258,SESS0027,view,P462,2023-12-28 22:39:00
E484,C249,SESS0072,view,P467,2023-08-10 16:14:00
E485,C157,SESS0190,add_to_cart,P063,2023-12-08 23:52:00
E486,C404,SESS0037,view,P121,2024-05-23 14:41:00
E487,C392,SESS0117,search,NA,2023-06-11 15:53:00
E488,C018,SESS0070,view,P197,2023-11-01 02:03:00
E489,C143,SESS0157,view,P010,2024-08-15 12:24:00
E490,C228,SESS0012,view,P195,2023-09-03 21:27:00
E491,C273,SESS0014,add_to_cart,P017,2024-03-04 11:59:00
E492,C014,SESS0156,purchase,P173,2024-07-29 08:51:00
E493,C386,SESS0152,view,P015,2023-11-22 23:53:00
E494,C319,SESS0112,purchase,P401,2024-06-08 23:48:00
E495,C030,SESS0028,add_to_cart,P488,2024-06-04 21:18:00
E496,C440,SESS0137,view,P294,2024-06-03 18:49:00
E497,C266,SESS0067,view,P196,2024-01-26 23:59:00
E498,C122,SESS0034,purchase,P144,2024-07-14 21:17:00
E499,C044,SESS0064,purchase,P152,2023-11-20 18:25:00
E500,C020,SESS0158,view,P138,2024-05-03 08:50:00
