order_item_id,order_id,product_id,quantity,unit_price,discount_pct
I001,O306,P375,3,399,10
I002,O019,P250,2,899,15
I003,O263,P303,3,399,20
I004,O479,P348,2,2499,5
I005,O366,P032,3,99,0
I006,O217,P296,2,299,20
I007,O033,P138,3,3499,15
I008,O456,P243,1,399,15
I009,O319,P481,3,399,10
I010,O230,P358,2,449,0
I011,O083,P148,3,45990,5
I012,O241,P177,2,299,5
I013,O260,P113,3,399,25
I014,O174,P472,3,449,25
I015,O337,P240,1,599,10
I016,O371,P365,2,12999,15
I017,O427,P482,3,799,25
I018,O377,P185,2,9999,5
I019,O319,P107,2,399,25
I020,O384,P045,3,299,15
I021,O067,P089,1,299,5
I022,O311,P252,1,2999,15
I023,O483,P253,2,2299,5
I024,O108,P286,1,12999,0
I025,O184,P452,2,2499,10
I026,O347,P082,1,2499,20
I027,O017,P414,1,399,10
I028,O221,P059,3,799,5
I029,O062,P288,1,4999,15
I030,O133,P175,2,999,0
I031,O395,P450,3,349,10
I032,O459,P078,3,149,20
I033,O310,P343,1,3499,25
I034,O026,P475,2,1299,15
I035,O493,P431,1,599,0
I036,O401,P313,3,74999,0
I037,O422,P288,1,4999,20
I038,O054,P086,3,349,0
I039,O446,P106,2,999,5
I040,O373,P150,3,399,15
I041,O391,P260,2,6999,25
I042,O446,P051,1,599,25
I043,O187,P172,1,799,0
I044,O435,P104,2,55999,15
I045,O394,P394,1,999,5
I046,O428,P415,2,199,10
I047,O147,P259,1,799,0
I048,O137,P191,3,2799,15
I049,O185,P323,3,899,5
I050,O078,P386,3,2299,15
I051,O404,P117,1,2999,15
I052,O212,P471,2,249,15
I053,O488,P437,3,799,25
I054,O186,P484,1,249,15
I055,O075,P395,1,249,25
I056,O413,P265,1,23999,0
I057,O174,P162,2,32999,5
I058,O223,P032,2,99,0
I059,O339,P473,3,134900,5
I060,O463,P295,1,4999,25
I061,O366,P410,3,349,20
I062,O499,P152,2,799,15
I063,O454,P349,3,199,20
I064,O448,P156,3,999,25
I065,O161,P466,2,449,0
I066,O424,P144,3,899,20
I067,O472,P076,3,299,15
I068,O229,P330,1,2199,20
I069,O320,P404,3,449,25
I070,O227,P358,2,449,25
I071,O208,P398,1,149,10
I072,O044,P019,3,1999,10
I073,O200,P372,3,4999,25
I074,O451,P065,3,2499,20
I075,O146,P110,1,1499,20
I076,O283,P160,3,9999,10
I077,O388,P326,1,24999,0
I078,O015,P456,3,999,20
I079,O133,P124,2,899,25
I080,O217,P259,1,799,25
I081,O031,P431,2,599,10
I082,O322,P260,2,6999,0
I083,O025,P388,3,199,0
I084,O230,P153,3,2999,25
I085,O003,P233,2,1499,5
I086,O413,P382,3,249,20
I087,O366,P458,3,64999,25
I088,O274,P433,3,249,5
I089,O180,P154,2,2999,25
I090,O402,P418,3,4999,20
I091,O345,P072,3,3999,15
I092,O267,P378,1,64999,0
I093,O168,P265,3,23999,5
I094,O422,P399,2,18999,15
I095,O051,P076,3,299,15
I096,O425,P211,1,6999,0
I097,O032,P218,1,99,15
I098,O110,P229,1,1299,10
I099,O347,P270,2,2499,20
I100,O287,P266,2,249,10
I101,O300,P256,3,2499,15
I102,O226,P353,2,499,25
I103,O499,P214,1,399,5
I104,O259,P066,2,2499,25
I105,O235,P067,3,899,20
I106,O442,P271,1,79990,25
I107,O109,P234,2,349,0
I108,O383,P081,3,6999,10
I109,O472,P488,1,199,20
I110,O437,P210,1,349,0
I111,O190,P293,2,799,0
I112,O268,P079,1,2499,10
I113,O157,P192,2,449,10
I114,O249,P015,1,9999,5
I115,O402,P302,2,74999,0
I116,O480,P458,2,64999,10
I117,O111,P094,3,4999,15
I118,O002,P063,3,29990,10
I119,O035,P446,1,599,15
I120,O247,P294,2,449,20
I121,O232,P461,2,599,15
I122,O244,P428,3,799,20
I123,O068,P391,1,499,20
I124,O326,P236,2,199,25
I125,O230,P077,3,4999,10
I126,O046,P410,3,349,25
I127,O320,P210,2,349,5
I128,O461,P203,2,12999,20
I129,O024,P491,3,32990,15
I130,O377,P143,3,799,0
I131,O444,P085,3,12999,0
I132,O293,P323,3,899,10
I133,O288,P331,1,3999,25
I134,O287,P044,1,29999,20
I135,O278,P296,1,299,20
I136,O268,P097,2,899,20
I137,O460,P010,1,79990,25
I138,O480,P273,1,134900,0
I139,O141,P403,1,149,5
I140,O425,P362,3,1299,15
I141,O044,P414,3,399,20
I142,O165,P206,3,1799,0
I143,O252,P442,1,2499,10
I144,O224,P093,2,449,0
I145,O441,P271,2,79990,15
I146,O132,P047,1,249,0
I147,O278,P087,2,24990,5
I148,O094,P131,1,499,5
I149,O158,P488,2,199,25
I150,O087,P031,3,399,10
I151,O093,P014,3,1999,0
I152,O153,P200,1,299,10
I153,O073,P212,2,199,10
I154,O193,P483,1,799,0
I155,O104,P123,3,3499,20
I156,O122,P253,3,2299,20
I157,O198,P487,1,299,10
I158,O032,P163,2,2999,20
I159,O209,P034,2,249,0
I160,O209,P325,1,32990,0
I161,O138,P284,3,33999,25
I162,O052,P127,3,12999,25
I163,O403,P065,2,2499,20
I164,O209,P229,1,1299,25
I165,O257,P105,1,899,10
I166,O277,P087,1,24990,20
I167,O488,P217,3,399,15
I168,O022,P001,2,349,20
I169,O149,P335,1,249,0
I170,O031,P478,2,18999,10
I171,O307,P129,3,33999,15
I172,O180,P432,3,999,5
I173,O300,P431,3,599,10
I174,O024,P083,3,349,20
I175,O289,P036,2,2199,0
I176,O203,P358,1,449,5
I177,O372,P285,2,1299,15
I178,O108,P313,3,74999,10
I179,O453,P350,2,249,25
I180,O134,P386,3,2299,15
I181,O140,P126,3,1999,10
I182,O175,P108,2,399,20
I183,O169,P009,3,4999,5
I184,O331,P473,1,134900,20
I185,O244,P003,1,599,25
I186,O089,P212,3,199,25
I187,O361,P251,2,999,20
I188,O042,P404,3,449,25
I189,O040,P276,1,499,25
I190,O228,P345,1,1799,10
I191,O498,P417,2,1999,20
I192,O184,P199,1,899,25
I193,O005,P064,2,2499,10
I194,O480,P099,2,899,0
I195,O114,P381,1,69900,10
I196,O349,P472,3,449,10
I197,O099,P047,3,249,25
I198,O156,P414,3,399,5
I199,O120,P253,2,2299,0
I200,O144,P253,3,2299,25
I201,O311,P108,1,399,5
I202,O421,P327,2,899,0
I203,O446,P143,3,799,20
I204,O253,P088,3,4999,5
I205,O338,P379,3,249,25
I206,O350,P309,3,4999,5
I207,O034,P302,1,74999,25
I208,O034,P066,2,2499,20
I209,O439,P117,3,2999,25
I210,O401,P141,1,47999,25
I211,O012,P497,3,149,25
I212,O273,P315,2,399,25
I213,O287,P453,2,499,0
I214,O481,P219,3,45990,25
I215,O483,P333,1,1499,10
I216,O222,P433,2,249,10
I217,O063,P349,3,199,15
I218,O254,P186,3,499,0
I219,O453,P370,1,2499,0
I220,O143,P471,2,249,20
I221,O230,P162,1,32999,15
I222,O100,P172,1,799,20
I223,O414,P013,3,899,5
I224,O354,P217,1,399,5
I225,O101,P085,2,12999,10
I226,O033,P321,3,4999,0
I227,O015,P246,2,449,0
I228,O304,P409,3,599,10
I229,O431,P129,1,33999,0
I230,O243,P123,2,3499,0
I231,O421,P171,3,24999,5
I232,O484,P038,3,129990,20
I233,O225,P392,1,499,25
I234,O229,P297,1,1999,0
I235,O499,P032,1,99,15
I236,O161,P456,3,999,0
I237,O401,P066,1,2499,15
I238,O029,P155,3,18999,25
I239,O222,P034,1,249,25
I240,O029,P287,1,799,10
I241,O436,P196,2,32990,0
I242,O317,P386,2,2299,5
I243,O443,P307,3,4999,20
I244,O006,P233,2,1499,15
I245,O408,P220,3,2499,20
I246,O052,P174,3,2499,25
I247,O401,P014,2,1999,20
I248,O169,P301,1,799,0
I249,O053,P007,3,2799,25
I250,O035,P304,1,129990,20
I251,O065,P327,3,899,10
I252,O182,P216,2,599,25
I253,O318,P228,1,32990,5
I254,O071,P409,1,599,0
I255,O066,P160,3,9999,15
I256,O263,P492,3,399,10
I257,O160,P299,3,1999,5
I258,O076,P241,2,499,20
I259,O176,P150,2,399,0
I260,O266,P301,3,799,25
I261,O075,P030,1,2999,20
I262,O420,P428,3,799,0
I263,O217,P177,1,299,5
I264,O328,P466,1,449,0
I265,O175,P097,3,899,15
I266,O356,P355,2,199,20
I267,O355,P170,3,899,20
I268,O494,P172,3,799,10
I269,O215,P169,1,399,0
I270,O233,P449,1,499,15
I271,O113,P472,1,449,25
I272,O115,P355,1,199,15
I273,O320,P110,1,1499,15
I274,O377,P394,2,999,25
I275,O193,P106,2,999,5
I276,O423,P004,2,299,0
I277,O038,P184,1,2799,20
I278,O059,P073,2,399,15
I279,O100,P324,3,249,10
I280,O023,P500,1,399,5
I281,O102,P146,1,599,5
I282,O454,P135,3,499,5
I283,O174,P434,3,449,5
I284,O092,P101,1,2199,5
I285,O432,P135,1,499,0
I286,O426,P347,1,249,15
I287,O336,P404,1,449,10
I288,O480,P108,2,399,15
I289,O123,P190,2,1299,25
I290,O088,P482,3,799,20
I291,O452,P223,3,2999,0
I292,O061,P074,1,149,5
I293,O099,P273,2,134900,25
I294,O192,P163,3,2999,15
I295,O326,P126,1,1999,20
I296,O301,P097,3,899,10
I297,O405,P077,2,4999,5
I298,O028,P323,2,899,5
I299,O436,P261,3,399,15
I300,O108,P373,1,3499,15
I301,O405,P340,3,249,0
I302,O086,P261,2,399,25
I303,O385,P261,2,399,15
I304,O266,P238,1,499,10
I305,O365,P192,3,449,25
I306,O248,P367,2,399,15
I307,O138,P298,2,799,25
I308,O472,P405,3,399,25
I309,O019,P107,1,399,5
I310,O232,P442,1,2499,15
I311,O112,P157,2,999,15
I312,O293,P081,2,6999,10
I313,O282,P044,1,29999,0
I314,O152,P228,3,32990,10
I315,O118,P299,1,1999,15
I316,O263,P319,2,899,15
I317,O231,P240,2,599,15
I318,O189,P412,2,2499,10
I319,O140,P196,1,32990,5
I320,O227,P120,2,199,25
I321,O039,P184,1,2799,10
I322,O432,P257,3,549,20
I323,O330,P041,2,999,5
I324,O051,P061,1,299,10
I325,O020,P280,1,2499,10
I326,O101,P346,2,499,10
I327,O155,P382,3,249,10
I328,O098,P362,3,1299,5
I329,O438,P386,3,2299,25
I330,O279,P468,2,899,0
I331,O395,P154,2,2999,10
I332,O401,P207,2,99,20
I333,O388,P336,1,24990,15
I334,O335,P263,1,349,15
I335,O117,P117,3,2999,25
I336,O108,P243,1,399,20
I337,O301,P403,3,149,15
I338,O370,P417,2,1999,10
I339,O406,P044,2,29999,5
I340,O220,P395,3,249,15
I341,O108,P225,2,149,20
I342,O016,P192,1,449,20
I343,O448,P066,2,2499,25
I344,O005,P256,3,2499,10
I345,O174,P116,2,12999,15
I346,O352,P386,2,2299,25
I347,O276,P154,2,2999,20
I348,O012,P291,1,44999,5
I349,O079,P488,2,199,20
I350,O323,P410,3,349,20
I351,O294,P444,2,1499,15
I352,O105,P486,2,549,0
I353,O274,P198,1,599,15
I354,O056,P169,3,399,15
I355,O328,P459,2,399,0
I356,O088,P054,3,899,20
I357,O091,P017,3,499,20
I358,O251,P014,1,1999,5
I359,O036,P467,2,399,10
I360,O106,P120,2,199,25
I361,O269,P036,2,2199,0
I362,O189,P266,1,249,5
I363,O168,P441,2,99,15
I364,O081,P057,1,2499,20
I365,O215,P245,3,199,0
I366,O200,P490,1,2299,5
I367,O446,P106,2,999,15
I368,O419,P364,3,4999,15
I369,O082,P310,3,2299,10
I370,O301,P104,3,55999,25
I371,O351,P235,2,299,5
I372,O004,P074,2,149,0
I373,O423,P205,3,4999,5
I374,O270,P169,3,399,15
I375,O236,P237,3,199,0
I376,O378,P047,2,249,25
I377,O452,P471,2,249,10
I378,O359,P432,3,999,10
I379,O201,P314,1,12999,15
I380,O128,P092,3,499,25
I381,O222,P235,2,299,25
I382,O094,P358,3,449,0
I383,O202,P358,1,449,5
I384,O454,P446,1,599,10
I385,O452,P322,3,299,10
I386,O342,P470,1,4999,25
I387,O372,P370,1,2499,15
I388,O211,P391,3,499,0
I389,O189,P040,1,2999,20
I390,O393,P400,2,69900,15
I391,O231,P085,2,12999,5
I392,O260,P023,2,399,0
I393,O038,P328,3,499,25
I394,O384,P237,2,199,10
I395,O382,P205,1,4999,15
I396,O020,P006,2,349,0
I397,O364,P470,1,4999,10
I398,O344,P384,2,899,15
I399,O237,P035,1,129990,20
I400,O337,P125,3,129990,15
I401,O072,P242,2,74999,5
I402,O088,P430,1,999,20
I403,O052,P091,2,299,0
I404,O274,P380,2,74999,5
I405,O040,P344,1,149,25
I406,O140,P079,2,2499,10
I407,O092,P111,3,1799,0
I408,O458,P346,3,499,5
I409,O227,P357,1,2499,25
I410,O416,P268,3,3499,25
I411,O367,P338,1,499,15
I412,O354,P158,2,999,0
I413,O307,P003,1,599,15
I414,O393,P104,1,55999,10
I415,O466,P123,1,3499,0
I416,O009,P216,1,599,0
I417,O173,P421,1,599,25
I418,O343,P033,1,2999,0
I419,O409,P428,3,799,5
I420,O371,P086,1,349,15
I421,O263,P056,2,24999,10
I422,O288,P321,1,4999,20
I423,O107,P479,3,29990,15
I424,O481,P220,1,2499,5
I425,O110,P055,2,99,10
I426,O089,P008,2,149,25
I427,O162,P007,2,2799,5
I428,O235,P113,1,399,25
I429,O418,P143,3,799,20
I430,O189,P023,1,399,5
I431,O211,P155,3,18999,15
I432,O053,P365,3,12999,20
I433,O088,P129,1,33999,20
I434,O167,P324,3,249,15
I435,O348,P474,3,199,5
I436,O171,P090,3,599,25
I437,O163,P436,3,2299,15
I438,O035,P172,1,799,20
I439,O467,P300,2,1999,15
I440,O262,P328,3,499,5
I441,O258,P301,3,799,0
I442,O120,P011,3,449,0
I443,O159,P122,3,2499,15
I444,O388,P125,3,129990,0
I445,O031,P071,2,399,15
I446,O152,P104,1,55999,15
I447,O105,P329,1,499,5
I448,O473,P372,3,4999,15
I449,O379,P450,2,349,5
I450,O143,P163,3,2999,0
I451,O267,P406,2,599,25
I452,O417,P148,1,45990,5
I453,O434,P376,2,33999,10
I454,O125,P106,3,999,0
I455,O465,P470,3,4999,5
I456,O411,P352,3,32990,25
I457,O114,P312,2,2499,20
I458,O165,P094,2,4999,25
I459,O004,P034,2,249,0
I460,O489,P099,1,899,25
I461,O073,P481,1,399,5
I462,O047,P089,3,299,20
I463,O426,P408,1,27990,5
I464,O260,P041,2,999,25
I465,O240,P160,1,9999,25
I466,O102,P126,2,1999,5
I467,O311,P128,2,499,10
I468,O296,P230,3,1999,5
I469,O140,P442,2,2499,0
I470,O487,P498,2,499,15
I471,O194,P086,2,349,15
I472,O217,P259,3,799,25
I473,O222,P390,1,1999,15
I474,O011,P391,2,499,15
I475,O438,P043,2,349,20
I476,O276,P079,3,2499,25
I477,O090,P132,2,499,15
I478,O157,P233,2,1499,15
I479,O288,P311,2,33999,0
I480,O171,P070,3,1299,15
I481,O101,P080,1,499,0
I482,O007,P442,3,2499,25
I483,O372,P192,2,449,15
I484,O474,P213,2,199,25
I485,O192,P197,2,249,10
I486,O329,P302,1,74999,15
I487,O454,P020,1,24999,15
I488,O478,P290,1,799,5
I489,O391,P224,2,18999,25
I490,O179,P261,3,399,15
I491,O326,P353,2,499,25
I492,O030,P334,2,999,15
I493,O377,P127,1,12999,15
I494,O018,P472,2,449,25
I495,O362,P347,1,249,25
I496,O341,P331,1,3999,10
I497,O310,P234,3,349,5
I498,O131,P127,3,12999,20
I499,O488,P340,1,249,0
I500,O060,P395,1,249,25
