order_id,customer_id,order_date,order_status,payment_method
O001,C402,2023-10-21,Delivered,Net Banking
O002,C144,2023-10-19,Returned,Credit Card
O003,C380,2023-07-28,Delivered,Net Banking
O004,C379,2023-08-17,Delivered,UPI
O005,C414,2023-08-29,Delivered,Debit Card
O006,C249,2023-09-01,Cancelled,Credit Card
O007,C176,2023-07-14,Pending,Net Banking
O008,C479,2024-07-25,Delivered,COD
O009,C386,2023-12-29,Cancelled,Debit Card
O010,C339,2024-01-12,Delivered,Debit Card
O011,C108,2024-03-22,Delivered,UPI
O012,C028,2024-04-24,Delivered,Credit Card
O013,C027,2023-08-25,Delivered,COD
O014,C155,2024-01-30,Delivered,Net Banking
O015,C120,2023-12-12,Delivered,COD
O016,C243,2023-10-13,Delivered,COD
O017,C007,2023-10-26,Returned,COD
O018,C196,2024-05-13,Delivered,Net Banking
O019,C350,2023-06-22,Delivered,Net Banking
O020,C327,2023-11-29,Pending,COD
O021,C313,2024-04-29,Returned,UPI
O022,C139,2023-10-15,Cancelled,UPI
O023,C336,2024-03-26,Delivered,Debit Card
O024,C376,2024-05-10,Delivered,Debit Card
O025,C267,2023-11-20,Delivered,Debit Card
O026,C161,2024-03-07,Delivered,Credit Card
O027,C426,2023-07-05,Delivered,Credit Card
O028,C269,2023-07-24,Delivered,UPI
O029,C113,2024-06-06,Delivered,Debit Card
O030,C018,2023-06-13,Delivered,Credit Card
O031,C481,2024-03-31,Delivered,Debit Card
O032,C487,2024-04-02,Delivered,Credit Card
O033,C045,2024-08-12,Delivered,COD
O034,C337,2024-06-26,Returned,Net Banking
O035,C412,2023-09-03,Returned,Debit Card
O036,C130,2023-10-29,Delivered,Credit Card
O037,C328,2024-01-19,Returned,UPI
O038,C394,2024-01-05,Delivered,UPI
O039,C132,2023-08-22,Cancelled,UPI
O040,C398,2023-07-02,Delivered,UPI
O041,C031,2023-10-11,Pending,UPI
O042,C092,2024-01-12,Delivered,Debit Card
O043,C313,2023-12-19,Delivered,COD
O044,C056,2023-08-13,Delivered,COD
O045,C112,2024-04-10,Delivered,COD
O046,C367,2023-10-11,Delivered,Credit Card
O047,C037,2024-03-19,Delivered,COD
O048,C010,2024-02-10,Delivered,Credit Card
O049,C478,2023-06-20,Delivered,UPI
O050,C078,2024-05-24,Delivered,COD
O051,C295,2023-06-02,Delivered,COD
O052,C245,2024-01-10,Delivered,Credit Card
O053,C277,2023-09-24,Delivered,COD
O054,C063,2024-03-17,Delivered,UPI
O055,C171,2024-05-15,Delivered,Credit Card
O056,C324,2024-04-27,Delivered,Net Banking
O057,C437,2023-11-22,Delivered,COD
O058,C390,2024-06-27,Delivered,Debit Card
O059,C091,2024-03-10,Delivered,COD
O060,C339,2023-09-06,Delivered,COD
O061,C459,2023-07-25,Delivered,UPI
O062,C250,2023-07-14,Returned,COD
O063,C377,2023-09-06,Delivered,Debit Card
O064,C013,2024-06-03,Pending,Debit Card
O065,C251,2023-12-17,Delivered,Net Banking
O066,C330,2023-11-05,Delivered,COD
O067,C495,2023-06-09,Delivered,Credit Card
O068,C173,2024-07-08,Delivered,COD
O069,C061,2023-09-17,Cancelled,Net Banking
O070,C235,2024-05-13,Returned,Net Banking
O071,C077,2024-06-14,Delivered,Credit Card
O072,C019,2024-06-11,Delivered,Credit Card
O073,C242,2024-04-12,Delivered,Debit Card
O074,C008,2023-08-28,Delivered,UPI
O075,C421,2024-07-11,Delivered,Net Banking
O076,C088,2024-08-01,Delivered,Credit Card
O077,C059,2024-02-10,Delivered,Net Banking
O078,C113,2023-07-03,Cancelled,COD
O079,C173,2024-07-20,Cancelled,COD
O080,C167,2023-08-01,Pending,Net Banking
O081,C280,2023-08-10,Delivered,Debit Card
O082,C392,2023-06-24,Delivered,UPI
O083,C033,2023-08-01,Delivered,COD
O084,C087,2024-05-22,Delivered,Debit Card
O085,C225,2023-10-03,Returned,Credit Card
O086,C069,2023-07-22,Cancelled,Net Banking
O087,C193,2024-07-03,Delivered,COD
O088,C042,2023-06-04,Delivered,Credit Card
O089,C362,2024-04-29,Delivered,UPI
O090,C214,2024-05-21,Cancelled,COD
O091,C355,2023-08-04,Delivered,UPI
O092,C268,2024-01-17,Delivered,Debit Card
O093,C313,2024-05-20,Delivered,Debit Card
O094,C368,2024-02-11,Delivered,Credit Card
O095,C322,2024-07-28,Cancelled,UPI
O096,C215,2023-06-03,Delivered,Debit Card
O097,C061,2024-02-27,Pending,Net Banking
O098,C186,2024-08-15,Cancelled,Net Banking
O099,C260,2023-09-21,Delivered,Debit Card
O100,C142,2023-06-28,Delivered,Debit Card
O101,C351,2024-08-06,Pending,COD
O102,C255,2023-08-30,Delivered,Credit Card
O103,C028,2024-04-26,Delivered,Debit Card
O104,C223,2023-10-07,Delivered,COD
O105,C023,2023-07-24,Delivered,Net Banking
O106,C091,2023-08-20,Cancelled,COD
O107,C264,2023-07-30,Delivered,Debit Card
O108,C370,2024-01-14,Delivered,UPI
O109,C215,2023-09-10,Delivered,UPI
O110,C118,2024-07-03,Delivered,Debit Card
O111,C051,2023-09-30,Delivered,Debit Card
O112,C193,2023-09-21,Delivered,Net Banking
O113,C249,2023-06-28,Returned,Debit Card
O114,C111,2024-04-08,Delivered,COD
O115,C192,2023-08-09,Delivered,Debit Card
O116,C324,2023-12-01,Pending,Debit Card
O117,C172,2023-08-05,Delivered,Net Banking
O118,C031,2023-10-22,Delivered,COD
O119,C235,2024-01-01,Delivered,UPI
O120,C113,2023-10-30,Delivered,Net Banking
O121,C464,2023-08-27,Delivered,Net Banking
O122,C438,2023-09-26,Delivered,Net Banking
O123,C251,2024-08-15,Pending,Net Banking
O124,C243,2024-08-02,Delivered,Credit Card
O125,C374,2024-01-06,Delivered,Debit Card
O126,C127,2023-11-15,Delivered,Debit Card
O127,C457,2024-03-29,Returned,Net Banking
O128,C460,2023-06-03,Delivered,Credit Card
O129,C021,2024-01-27,Delivered,Net Banking
O130,C018,2024-01-04,Delivered,COD
O131,C415,2024-07-13,Delivered,Credit Card
O132,C232,2024-02-09,Delivered,Net Banking
O133,C386,2023-06-07,Delivered,COD
O134,C487,2023-09-20,Delivered,UPI
O135,C123,2024-04-27,Pending,Credit Card
O136,C246,2024-05-08,Delivered,COD
O137,C440,2024-03-19,Delivered,Credit Card
O138,C500,2024-01-19,Delivered,Debit Card
O139,C448,2024-05-26,Delivered,UPI
O140,C321,2024-01-24,Delivered,Credit Card
O141,C441,2024-04-17,Delivered,UPI
O142,C272,2023-06-17,Delivered,UPI
O143,C358,2024-04-09,Delivered,Debit Card
O144,C404,2024-05-16,Delivered,UPI
O145,C377,2023-06-29,Delivered,UPI
O146,C455,2023-06-27,Delivered,UPI
O147,C239,2024-04-12,Delivered,UPI
O148,C090,2024-04-27,Delivered,Credit Card
O149,C288,2024-05-29,Cancelled,Debit Card
O150,C172,2023-10-01,Delivered,COD
O151,C378,2024-06-20,Delivered,Debit Card
O152,C386,2024-06-16,Cancelled,UPI
O153,C181,2023-10-15,Delivered,COD
O154,C142,2023-06-28,Delivered,UPI
O155,C232,2024-02-04,Delivered,Credit Card
O156,C241,2024-05-29,Delivered,Net Banking
O157,C461,2023-10-28,Delivered,UPI
O158,C410,2024-05-10,Returned,Credit Card
O159,C097,2024-01-21,Delivered,COD
O160,C460,2023-08-31,Delivered,Credit Card
O161,C056,2023-08-24,Delivered,Debit Card
O162,C255,2023-08-17,Returned,Net Banking
O163,C488,2024-04-17,Delivered,COD
O164,C497,2024-05-15,Delivered,Debit Card
O165,C243,2023-11-25,Delivered,Credit Card
O166,C150,2023-09-05,Delivered,Debit Card
O167,C428,2024-02-22,Delivered,COD
O168,C297,2023-11-23,Delivered,UPI
O169,C249,2024-03-30,Delivered,Net Banking
O170,C432,2024-03-07,Delivered,UPI
O171,C291,2023-08-07,Returned,UPI
O172,C088,2024-07-09,Delivered,COD
O173,C191,2023-10-26,Cancelled,Credit Card
O174,C076,2023-11-28,Delivered,Debit Card
O175,C317,2023-08-22,Delivered,UPI
O176,C094,2023-08-29,Cancelled,Debit Card
O177,C083,2023-09-30,Delivered,UPI
O178,C295,2023-08-04,Delivered,UPI
O179,C095,2023-09-14,Delivered,Credit Card
O180,C341,2023-11-10,Pending,Debit Card
O181,C191,2024-01-16,Delivered,Debit Card
O182,C274,2023-11-02,Delivered,Credit Card
O183,C208,2024-02-11,Cancelled,COD
O184,C476,2023-11-11,Delivered,Net Banking
O185,C500,2024-02-15,Delivered,UPI
O186,C243,2023-10-27,Pending,Net Banking
O187,C342,2023-08-15,Cancelled,COD
O188,C174,2024-05-18,Delivered,COD
O189,C461,2023-06-21,Delivered,Net Banking
O190,C060,2023-11-05,Delivered,Net Banking
O191,C431,2023-09-21,Delivered,Credit Card
O192,C168,2023-06-29,Delivered,Debit Card
O193,C299,2024-02-25,Delivered,UPI
O194,C101,2023-06-12,Delivered,COD
O195,C347,2024-05-09,Pending,Net Banking
O196,C202,2023-09-08,Delivered,Net Banking
O197,C310,2024-02-17,Returned,UPI
O198,C204,2023-08-15,Delivered,COD
O199,C190,2023-12-15,Delivered,UPI
O200,C177,2023-11-27,Delivered,COD
O201,C448,2024-03-14,Delivered,COD
O202,C380,2023-12-30,Cancelled,UPI
O203,C084,2024-07-17,Delivered,COD
O204,C374,2023-12-30,Delivered,Net Banking
O205,C307,2023-07-15,Delivered,UPI
O206,C244,2024-08-18,Delivered,UPI
O207,C034,2024-03-29,Cancelled,Credit Card
O208,C004,2023-12-27,Delivered,UPI
O209,C213,2023-08-29,Delivered,Net Banking
O210,C387,2023-08-10,Delivered,COD
O211,C149,2024-03-10,Delivered,UPI
O212,C428,2024-03-26,Delivered,Net Banking
O213,C379,2024-01-24,Delivered,Credit Card
O214,C079,2023-10-13,Delivered,COD
O215,C064,2024-04-30,Delivered,UPI
O216,C214,2023-08-31,Delivered,Debit Card
O217,C015,2023-08-01,Cancelled,COD
O218,C497,2023-07-05,Delivered,UPI
O219,C298,2024-02-02,Delivered,UPI
O220,C322,2024-05-17,Delivered,Credit Card
O221,C192,2024-02-18,Delivered,Credit Card
O222,C433,2023-10-11,Delivered,Credit Card
O223,C075,2023-11-11,Delivered,Debit Card
O224,C183,2023-08-23,Delivered,UPI
O225,C215,2024-04-21,Returned,UPI
O226,C025,2023-10-27,Delivered,Credit Card
O227,C264,2023-09-08,Cancelled,Debit Card
O228,C392,2023-07-19,Delivered,Debit Card
O229,C279,2023-11-13,Returned,UPI
O230,C139,2024-05-16,Delivered,UPI
O231,C050,2024-02-29,Delivered,Debit Card
O232,C007,2023-08-10,Delivered,UPI
O233,C399,2024-02-04,Delivered,Debit Card
O234,C053,2023-09-20,Delivered,Debit Card
O235,C426,2023-09-05,Cancelled,Net Banking
O236,C315,2024-05-19,Cancelled,Net Banking
O237,C434,2024-02-28,Delivered,Credit Card
O238,C214,2024-01-22,Returned,Credit Card
O239,C420,2023-08-07,Returned,COD
O240,C179,2023-11-07,Delivered,Debit Card
O241,C419,2024-01-13,Returned,Net Banking
O242,C268,2024-06-25,Pending,Debit Card
O243,C364,2023-11-03,Delivered,Credit Card
O244,C114,2023-08-05,Returned,Debit Card
O245,C353,2023-09-25,Delivered,Debit Card
O246,C067,2023-07-11,Delivered,Credit Card
O247,C040,2023-06-10,Cancelled,COD
O248,C022,2023-09-09,Delivered,Net Banking
O249,C304,2023-07-01,Delivered,UPI
O250,C023,2023-07-04,Delivered,Credit Card
O251,C387,2023-07-20,Cancelled,Net Banking
O252,C106,2024-03-27,Returned,Debit Card
O253,C344,2023-11-27,Delivered,Debit Card
O254,C434,2024-06-17,Returned,Net Banking
O255,C179,2023-11-28,Delivered,Net Banking
O256,C400,2024-06-08,Delivered,Net Banking
O257,C292,2023-07-05,Delivered,Net Banking
O258,C391,2023-06-08,Delivered,Debit Card
O259,C494,2023-10-23,Delivered,Net Banking
O260,C003,2024-06-06,Delivered,Debit Card
O261,C472,2024-02-14,Returned,COD
O262,C188,2024-05-23,Delivered,COD
O263,C345,2023-07-25,Delivered,UPI
O264,C195,2024-01-04,Delivered,Debit Card
O265,C209,2023-07-28,Cancelled,UPI
O266,C064,2024-01-25,Delivered,Debit Card
O267,C254,2024-06-25,Delivered,UPI
O268,C286,2024-06-04,Delivered,UPI
O269,C253,2023-07-30,Delivered,COD
O270,C308,2024-06-11,Delivered,COD
O271,C116,2024-03-10,Delivered,COD
O272,C097,2024-08-12,Delivered,COD
O273,C481,2024-05-13,Delivered,Credit Card
O274,C346,2024-02-07,Delivered,COD
O275,C225,2024-02-23,Delivered,Credit Card
O276,C062,2023-08-13,Delivered,Net Banking
O277,C053,2024-06-14,Returned,Debit Card
O278,C034,2023-12-04,Pending,UPI
O279,C103,2024-03-31,Cancelled,COD
O280,C063,2023-09-28,Cancelled,COD
O281,C143,2024-06-26,Delivered,Net Banking
O282,C304,2023-10-18,Cancelled,COD
O283,C183,2024-01-30,Delivered,COD
O284,C249,2024-02-17,Delivered,COD
O285,C056,2023-08-02,Delivered,COD
O286,C119,2024-04-17,Returned,Credit Card
O287,C051,2024-06-12,Delivered,Credit Card
O288,C256,2024-05-13,Delivered,Debit Card
O289,C196,2024-04-05,Delivered,Debit Card
O290,C156,2024-04-14,Delivered,Credit Card
O291,C339,2024-06-19,Delivered,COD
O292,C406,2024-01-25,Delivered,COD
O293,C252,2024-02-14,Delivered,UPI
O294,C415,2024-08-14,Delivered,Credit Card
O295,C488,2024-06-26,Delivered,COD
O296,C451,2023-07-31,Delivered,UPI
O297,C437,2023-12-10,Delivered,Credit Card
O298,C017,2023-08-30,Delivered,UPI
O299,C453,2024-05-27,Delivered,COD
O300,C069,2023-11-07,Delivered,COD
O301,C392,2023-07-27,Delivered,COD
O302,C338,2024-03-10,Delivered,Net Banking
O303,C241,2024-01-30,Delivered,Debit Card
O304,C260,2023-06-29,Delivered,COD
O305,C303,2023-12-11,Delivered,UPI
O306,C393,2023-10-24,Delivered,Credit Card
O307,C303,2023-06-24,Delivered,UPI
O308,C179,2024-07-19,Delivered,Credit Card
O309,C392,2024-04-16,Delivered,Credit Card
O310,C220,2023-11-24,Pending,COD
O311,C180,2023-06-29,Delivered,Debit Card
O312,C121,2024-04-27,Delivered,Credit Card
O313,C467,2024-05-18,Delivered,UPI
O314,C059,2023-11-20,Delivered,Net Banking
O315,C167,2023-06-20,Delivered,COD
O316,C291,2024-02-19,Returned,UPI
O317,C011,2024-05-22,Delivered,Credit Card
O318,C163,2023-12-11,Delivered,UPI
O319,C294,2023-07-21,Cancelled,Credit Card
O320,C354,2024-05-11,Delivered,COD
O321,C258,2024-07-20,Cancelled,UPI
O322,C086,2024-04-10,Delivered,COD
O323,C104,2024-02-10,Delivered,Credit Card
O324,C431,2024-08-09,Delivered,UPI
O325,C136,2023-06-25,Delivered,Net Banking
O326,C206,2024-07-16,Delivered,Credit Card
O327,C368,2024-08-06,Delivered,Net Banking
O328,C173,2023-10-18,Delivered,Net Banking
O329,C244,2024-01-05,Delivered,Credit Card
O330,C334,2024-07-26,Delivered,UPI
O331,C222,2024-05-05,Delivered,Debit Card
O332,C213,2023-12-23,Delivered,Net Banking
O333,C233,2024-05-09,Cancelled,Debit Card
O334,C452,2023-06-10,Delivered,Net Banking
O335,C442,2023-09-04,Delivered,Debit Card
O336,C339,2024-07-26,Delivered,COD
O337,C138,2024-04-22,Delivered,Net Banking
O338,C437,2024-06-28,Returned,Net Banking
O339,C373,2024-04-16,Delivered,Debit Card
O340,C187,2024-01-23,Delivered,Debit Card
O341,C383,2024-05-16,Cancelled,COD
O342,C211,2023-11-11,Returned,Credit Card
O343,C325,2023-09-13,Cancelled,UPI
O344,C422,2023-10-25,Delivered,UPI
O345,C352,2024-04-03,Delivered,Debit Card
O346,C059,2023-08-16,Delivered,Debit Card
O347,C409,2024-07-28,Delivered,COD
O348,C287,2024-01-10,Delivered,Credit Card
O349,C104,2023-08-21,Delivered,Credit Card
O350,C133,2024-07-09,Cancelled,Net Banking
O351,C091,2024-04-25,Returned,COD
O352,C401,2023-06-11,Delivered,Credit Card
O353,C161,2024-04-04,Delivered,Credit Card
O354,C462,2023-12-26,Returned,Credit Card
O355,C204,2024-08-03,Delivered,Debit Card
O356,C121,2023-07-28,Delivered,Net Banking
O357,C478,2023-08-01,Delivered,Net Banking
O358,C487,2024-07-01,Returned,UPI
O359,C255,2023-07-17,Delivered,Credit Card
O360,C396,2024-07-18,Delivered,Net Banking
O361,C378,2023-12-17,Cancelled,Debit Card
O362,C479,2024-01-03,Delivered,Credit Card
O363,C090,2023-09-18,Pending,COD
O364,C210,2023-10-09,Returned,Credit Card
O365,C252,2024-02-29,Delivered,Credit Card
O366,C163,2024-03-06,Delivered,Debit Card
O367,C494,2023-10-21,Returned,Debit Card
O368,C186,2024-01-30,Delivered,UPI
O369,C011,2024-04-26,Pending,Net Banking
O370,C018,2024-08-04,Delivered,Credit Card
O371,C354,2024-07-08,Delivered,UPI
O372,C283,2023-12-14,Delivered,UPI
O373,C463,2024-07-20,Delivered,Net Banking
O374,C444,2023-09-30,Returned,COD
O375,C005,2023-12-19,Returned,UPI
O376,C155,2023-07-17,Returned,Debit Card
O377,C153,2023-09-16,Returned,Debit Card
O378,C469,2024-01-11,Delivered,COD
O379,C405,2023-06-18,Delivered,Credit Card
O380,C422,2024-07-04,Returned,COD
O381,C378,2023-12-29,Returned,UPI
O382,C368,2024-01-03,Returned,Credit Card
O383,C423,2023-08-22,Delivered,Net Banking
O384,C034,2023-11-28,Delivered,Net Banking
O385,C378,2023-11-15,Delivered,Credit Card
O386,C391,2023-06-27,Delivered,Debit Card
O387,C323,2024-01-14,Cancelled,Debit Card
O388,C002,2023-12-23,Delivered,UPI
O389,C161,2024-03-21,Delivered,Debit Card
O390,C128,2024-02-20,Delivered,Debit Card
O391,C434,2024-03-31,Delivered,UPI
O392,C232,2024-01-31,Returned,Debit Card
O393,C134,2023-08-28,Delivered,UPI
O394,C410,2023-10-23,Delivered,COD
O395,C189,2023-09-02,Delivered,COD
O396,C484,2024-08-01,Returned,Debit Card
O397,C011,2023-06-12,Returned,Net Banking
O398,C321,2023-09-26,Returned,COD
O399,C102,2023-10-13,Delivered,Debit Card
O400,C026,2023-12-23,Delivered,Net Banking
O401,C134,2023-08-16,Delivered,UPI
O402,C088,2024-03-17,Delivered,Net Banking
O403,C223,2024-06-30,Returned,COD
O404,C424,2024-05-10,Delivered,Debit Card
O405,C366,2023-09-13,Delivered,UPI
O406,C148,2024-06-17,Delivered,Debit Card
O407,C221,2024-08-12,Delivered,Debit Card
O408,C422,2023-10-23,Delivered,Debit Card
O409,C215,2023-09-01,Delivered,Debit Card
O410,C015,2023-10-27,Pending,Debit Card
O411,C317,2024-01-17,Returned,UPI
O412,C299,2024-05-16,Delivered,Credit Card
O413,C006,2024-01-27,Delivered,UPI
O414,C499,2024-05-20,Delivered,Debit Card
O415,C366,2023-12-14,Delivered,Net Banking
O416,C132,2023-07-08,Delivered,Credit Card
O417,C027,2023-11-18,Returned,COD
O418,C466,2023-11-29,Pending,Net Banking
O419,C364,2024-06-18,Cancelled,Credit Card
O420,C130,2024-02-14,Delivered,UPI
O421,C203,2024-05-09,Delivered,Net Banking
O422,C022,2024-03-24,Delivered,Debit Card
O423,C258,2024-02-08,Returned,COD
O424,C068,2023-07-16,Delivered,Net Banking
O425,C222,2023-08-12,Delivered,UPI
O426,C023,2023-08-05,Delivered,UPI
O427,C383,2023-12-02,Returned,UPI
O428,C463,2024-08-22,Delivered,UPI
O429,C265,2023-11-08,Delivered,Debit Card
O430,C162,2024-06-12,Pending,Debit Card
O431,C285,2024-08-10,Returned,COD
O432,C028,2023-09-05,Delivered,Debit Card
O433,C094,2023-06-19,Delivered,Debit Card
O434,C362,2024-01-26,Delivered,COD
O435,C021,2024-01-13,Delivered,Net Banking
O436,C249,2024-01-21,Delivered,Debit Card
O437,C064,2023-11-26,Delivered,UPI
O438,C093,2024-08-01,Delivered,Net Banking
O439,C422,2023-10-18,Delivered,Net Banking
O440,C109,2024-03-25,Pending,Credit Card
O441,C270,2024-06-27,Delivered,COD
O442,C472,2023-07-10,Delivered,COD
O443,C347,2023-07-19,Returned,Credit Card
O444,C146,2024-05-14,Pending,Credit Card
O445,C202,2023-12-09,Delivered,Credit Card
O446,C429,2023-11-13,Delivered,Credit Card
O447,C236,2024-07-30,Delivered,COD
O448,C233,2024-04-17,Pending,Net Banking
O449,C337,2023-06-03,Delivered,Credit Card
O450,C336,2024-04-14,Pending,UPI
O451,C486,2024-06-09,Pending,Net Banking
O452,C067,2023-09-17,Returned,UPI
O453,C166,2024-07-13,Delivered,Credit Card
O454,C281,2024-04-04,Delivered,COD
O455,C131,2023-08-31,Delivered,COD
O456,C046,2023-06-11,Returned,Debit Card
O457,C199,2024-07-04,Delivered,Debit Card
O458,C062,2023-10-31,Delivered,COD
O459,C377,2024-07-17,Returned,Net Banking
O460,C068,2023-12-01,Delivered,UPI
O461,C263,2023-09-11,Delivered,COD
O462,C244,2023-10-16,Delivered,COD
O463,C047,2024-06-22,Delivered,UPI
O464,C315,2023-09-04,Delivered,COD
O465,C048,2023-06-21,Delivered,COD
O466,C347,2023-09-23,Delivered,Debit Card
O467,C477,2024-02-09,Delivered,Net Banking
O468,C043,2023-10-27,Delivered,Credit Card
O469,C465,2024-07-15,Delivered,Debit Card
O470,C066,2024-05-16,Returned,Debit Card
O471,C268,2024-01-05,Delivered,Credit Card
O472,C283,2023-07-10,Returned,Net Banking
O473,C056,2024-02-17,Delivered,Credit Card
O474,C238,2024-05-04,Delivered,UPI
O475,C182,2023-10-09,Delivered,Net Banking
O476,C009,2023-07-29,Delivered,COD
O477,C092,2024-07-07,Delivered,COD
O478,C024,2023-07-13,Delivered,UPI
O479,C161,2024-03-27,Delivered,COD
O480,C320,2024-07-18,Delivered,Debit Card
O481,C109,2023-09-03,Delivered,Net Banking
O482,C133,2024-08-20,Delivered,COD
O483,C274,2023-06-10,Delivered,Credit Card
O484,C007,2023-08-27,Delivered,COD
O485,C355,2023-12-25,Returned,Net Banking
O486,C372,2024-02-05,Delivered,Net Banking
O487,C185,2024-05-19,Delivered,COD
O488,C412,2023-11-02,Delivered,Debit Card
O489,C008,2023-09-06,Delivered,Credit Card
O490,C357,2023-09-05,Returned,Debit Card
O491,C247,2024-04-28,Delivered,Debit Card
O492,C224,2024-08-05,Delivered,Net Banking
O493,C098,2023-07-15,Delivered,COD
O494,C076,2024-01-29,Delivered,Credit Card
O495,C086,2023-08-18,Delivered,COD
O496,C494,2024-02-04,Delivered,COD
O497,C300,2023-10-03,Delivered,Net Banking
O498,C425,2024-07-31,Delivered,UPI
O499,C005,2023-07-23,Delivered,COD
O500,C213,2024-08-08,Delivered,Net Banking
