seller_id,seller_name,city,rating,join_date
S001,SuperTrade,Chennai,3.7,2024-03-03
S002,GadgetBazaar,Bangalore,3.6,2023-07-31
S003,TechLand,Bangalore,4.2,2024-01-10
S004,KitchenBazaar,Bangalore,4.9,2023-09-23
S005,SmartShop,Hyderabad,3.6,2022-04-13
S006,GadgetCenter,Delhi,4.4,2023-01-29
S007,SuperKing,Kolkata,4.7,2022-09-11
S008,BookBazaar,Delhi,3.9,2023-09-08
S009,QuickPoint,Lucknow,3.9,2023-12-09
S010,TechShop,Chennai,3.8,2023-09-14
S011,RoyalBar,Pune,3.9,2022-02-25
S012,SportsZone,Pune,3.7,2023-05-27
S013,QuickHub,Ahmedabad,4.8,2022-01-13
S014,SuperTrade,Kolkata,3.7,2023-08-06
S015,EliteCraft,Ahmedabad,4.5,2024-02-21
S016,UrbanCenter,Delhi,3.5,2022-03-11
S017,TechStore,Hyderabad,3.6,2022-03-03
S018,PrimeMart,Chennai,4.4,2023-05-29
S019,EliteKing,Pune,3.6,2023-07-04
S020,StarLand,Bangalore,3.9,2022-11-14
S021,HomeMart,Hyderabad,5.0,2022-06-09
S022,StarCraft,Pune,4.4,2024-02-21
S023,HomeStore,Pune,4.6,2022-09-02
S024,FashionBar,Delhi,4.9,2022-04-29
S025,SmartLand,Lucknow,3.6,2023-11-14
S026,StyleHub,Mumbai,4.6,2023-12-20
S027,TechEssentials,Jaipur,4.9,2023-06-20
S028,RoyalCenter,Chennai,3.8,2022-05-10
S029,BookPoint,Delhi,4.7,2022-01-31
S030,MegaCenter,Pune,3.9,2022-03-07
S031,BookPoint,Lucknow,4.4,2023-05-24
S032,SmartMart,Kolkata,3.6,2023-08-04
S033,StyleCraft,Bangalore,3.9,2022-04-16
S034,GlobalBazaar,Delhi,3.8,2023-06-06
S035,TechWorld,Mumbai,3.9,2023-04-29
S036,SuperKing,Bangalore,3.8,2022-02-06
S037,StarCenter,Pune,3.8,2022-09-12
S038,EliteTrade,Kolkata,3.9,2022-03-21
S039,GlobalCraft,Delhi,4.3,2022-02-23
S040,StyleBar,Ahmedabad,5.0,2023-02-15
S041,HomeTrade,Jaipur,4.8,2024-03-03
S042,ToyCraft,Delhi,4.3,2022-01-09
S043,SuperBar,Chennai,4.3,2022-11-08
S044,QuickBar,Jaipur,4.1,2023-05-21
S045,KitchenPoint,Ahmedabad,4.6,2022-09-09
S046,GadgetWorld,Pune,3.5,2023-07-09
S047,SuperBazaar,Mumbai,4.9,2022-01-02
S048,PrimeShop,Chennai,3.7,2023-06-27
S049,SportsKing,Jaipur,4.9,2022-05-26
S050,BookHub,Mumbai,4.9,2023-06-17
S051,ElitePoint,Kolkata,4.2,2024-02-05
S052,HomeLand,Delhi,4.3,2023-10-15
S053,PrimeHub,Lucknow,4.4,2023-03-22
S054,GadgetBar,Chennai,3.9,2022-11-19
S055,PrimePoint,Kolkata,4.0,2022-10-06
S056,SportsHub,Hyderabad,3.7,2024-02-28
S057,GlobalHub,Bangalore,3.7,2023-04-06
S058,SmartCraft,Pune,3.7,2023-01-02
S059,KitchenZone,Chennai,4.2,2022-05-03
S060,HomeEssentials,Chennai,4.7,2023-12-15
S061,QuickWorld,Hyderabad,4.8,2022-12-02
S062,GadgetHub,Hyderabad,5.0,2023-02-10
S063,RoyalWorld,Chennai,3.9,2022-06-28
S064,TechKing,Jaipur,4.3,2023-07-18
S065,SportsHub,Jaipur,3.7,2022-05-24
S066,BeautyWorld,Mumbai,4.7,2022-08-16
S067,GadgetBar,Pune,4.1,2023-10-08
S068,HomeLand,Lucknow,3.9,2022-03-18
S069,TechHub,Hyderabad,4.9,2023-03-31
S070,GadgetHub,Kolkata,3.7,2023-04-18
S071,FashionEssentials,Lucknow,4.1,2024-01-12
S072,PrimeZone,Mumbai,4.1,2023-03-13
S073,StyleCraft,Hyderabad,4.9,2022-10-09
S074,BookZone,Bangalore,3.6,2023-09-27
S075,QuickBar,Chennai,4.2,2023-07-18
S076,UrbanWorld,Delhi,3.9,2022-05-21
S077,EliteBar,Ahmedabad,3.9,2023-07-11
S078,TechKing,Kolkata,4.2,2024-03-11
S079,UrbanCraft,Lucknow,4.3,2023-02-02
S080,BookEssentials,Mumbai,4.0,2022-08-13
S081,TechTrade,Chennai,3.6,2023-04-29
S082,RoyalCraft,Lucknow,5.0,2022-06-13
S083,BeautyBar,Hyderabad,3.9,2024-01-25
S084,FashionCenter,Hyderabad,4.4,2023-02-02
S085,SuperTrade,Bangalore,3.8,2023-08-30
S086,MegaCenter,Kolkata,4.9,2022-01-29
S087,SuperLand,Lucknow,3.7,2022-07-12
S088,UrbanMart,Chennai,3.8,2022-02-08
S089,HomeWorld,Hyderabad,4.4,2022-01-21
S090,RoyalZone,Mumbai,4.0,2023-09-21
S091,KitchenCenter,Bangalore,4.0,2022-07-01
S092,MegaWorld,Mumbai,3.7,2023-12-23
S093,GadgetCenter,Delhi,4.8,2023-01-09
S094,HomeCraft,Pune,4.4,2022-12-11
S095,ToyCraft,Bangalore,5.0,2024-01-20
S096,EliteCenter,Jaipur,4.5,2022-06-28
S097,StarPoint,Lucknow,4.7,2022-08-17
S098,GlobalShop,Bangalore,4.1,2024-01-22
S099,ToyEssentials,Bangalore,4.6,2023-12-20
S100,GlobalKing,Lucknow,3.5,2023-09-09
S101,MegaTrade,Lucknow,3.8,2023-08-03
S102,BeautyTrade,Jaipur,3.7,2024-02-03
S103,HomeBar,Kolkata,5.0,2022-06-21
S104,HomeShop,Kolkata,4.2,2022-09-29
S105,KitchenBar,Delhi,4.0,2022-04-21
S106,TechWorld,Pune,4.2,2023-03-06
S107,StyleTrade,Pune,4.2,2023-01-23
S108,SuperMart,Pune,3.7,2023-05-06
S109,GlobalBazaar,Hyderabad,3.7,2022-03-17
S110,FashionStore,Mumbai,4.0,2022-04-18
S111,HomeCraft,Bangalore,4.8,2022-06-14
S112,HomeMart,Delhi,4.0,2023-09-21
S113,UrbanPoint,Mumbai,4.1,2023-11-01
S114,StyleLand,Pune,3.7,2022-04-14
S115,MegaBar,Hyderabad,4.1,2023-07-22
S116,StarStore,Chennai,3.9,2022-04-09
S117,FashionKing,Lucknow,4.3,2023-05-18
S118,GadgetWorld,Kolkata,3.5,2022-03-31
S119,ToyShop,Lucknow,4.2,2022-04-10
S120,TechBar,Bangalore,4.5,2022-03-25
S121,UrbanShop,Delhi,4.0,2023-02-12
S122,UrbanZone,Chennai,3.6,2023-07-12
S123,PrimeEssentials,Kolkata,4.8,2023-01-14
S124,StyleZone,Mumbai,3.9,2023-04-22
S125,BookBar,Chennai,4.3,2022-06-04
S126,BeautyHub,Kolkata,4.7,2023-02-28
S127,GlobalBar,Ahmedabad,3.6,2023-02-01
S128,RoyalKing,Ahmedabad,4.5,2023-05-02
S129,GlobalTrade,Hyderabad,4.2,2022-03-22
S130,PrimeTrade,Mumbai,4.3,2023-06-14
S131,GlobalBazaar,Lucknow,3.7,2024-02-15
S132,SmartEssentials,Bangalore,5.0,2022-07-17
S133,GadgetWorld,Pune,3.6,2023-12-01
S134,EliteBar,Bangalore,4.8,2022-09-22
S135,MegaTrade,Delhi,3.6,2023-07-24
S136,PrimeMart,Kolkata,4.8,2023-06-17
S137,SmartTrade,Mumbai,4.7,2023-10-01
S138,GlobalMart,Pune,3.7,2022-06-03
S139,GadgetLand,Lucknow,4.4,2022-04-13
S140,BeautyLand,Delhi,4.7,2023-07-03
S141,SuperTrade,Pune,3.9,2023-11-02
S142,UrbanLand,Lucknow,4.2,2022-06-26
S143,BookKing,Bangalore,4.4,2023-11-29
S144,PrimeWorld,Pune,4.8,2022-12-06
S145,SportsWorld,Jaipur,4.9,2023-01-17
S146,TechCraft,Chennai,4.0,2023-05-19
S147,BeautyShop,Hyderabad,3.7,2024-02-01
S148,SmartCenter,Kolkata,3.9,2023-03-03
S149,QuickBazaar,Delhi,3.8,2022-08-05
S150,ElitePoint,Jaipur,4.6,2023-01-18
S151,FashionMart,Bangalore,3.6,2023-12-28
S152,RoyalKing,Bangalore,4.7,2023-06-21
S153,GlobalWorld,Bangalore,3.8,2022-07-25
S154,FashionBar,Mumbai,4.2,2023-01-05
S155,KitchenStore,Kolkata,4.7,2023-06-02
S156,PrimeBazaar,Delhi,4.5,2022-09-05
S157,SuperZone,Lucknow,4.2,2023-05-01
S158,GlobalMart,Kolkata,4.0,2022-09-22
S159,HomeStore,Mumbai,4.1,2022-06-16
S160,GlobalCenter,Hyderabad,4.8,2023-10-25
S161,SportsBazaar,Hyderabad,3.9,2023-02-24
S162,RoyalWorld,Mumbai,4.2,2022-05-16
S163,StyleLand,Mumbai,3.8,2023-09-15
S164,ToyPoint,Chennai,4.1,2023-01-21
S165,SuperZone,Chennai,3.8,2022-11-06
S166,RoyalShop,Lucknow,4.1,2022-04-15
S167,TechMart,Kolkata,4.3,2023-09-01
S168,QuickStore,Chennai,4.5,2023-05-09
S169,HomeCraft,Chennai,4.5,2022-10-11
S170,BookBazaar,Chennai,3.8,2023-06-14
S171,SportsTrade,Mumbai,4.7,2023-09-07
S172,PrimeBazaar,Kolkata,4.5,2024-01-09
S173,TechBazaar,Jaipur,5.0,2022-09-23
S174,EliteKing,Pune,4.6,2023-08-21
S175,GlobalShop,Hyderabad,4.0,2024-01-01
S176,SportsBazaar,Ahmedabad,4.5,2023-05-03
S177,SuperMart,Chennai,4.8,2023-11-05
S178,StarEssentials,Chennai,3.6,2022-05-12
S179,BookPoint,Ahmedabad,4.6,2022-07-07
S180,MegaBazaar,Delhi,3.8,2022-08-17
S181,ToyKing,Kolkata,4.1,2023-08-23
S182,ToyZone,Delhi,4.2,2023-10-12
S183,GlobalLand,Lucknow,3.6,2022-07-19
S184,RoyalHub,Pune,4.3,2023-02-28
S185,FashionShop,Bangalore,3.7,2022-07-25
S186,MegaKing,Lucknow,4.8,2023-04-14
S187,GadgetCraft,Bangalore,4.7,2023-05-15
S188,MegaBazaar,Bangalore,4.0,2022-03-01
S189,TechZone,Chennai,3.8,2024-03-03
S190,StyleLand,Bangalore,4.2,2024-02-21
S191,HomeEssentials,Lucknow,4.2,2023-03-16
S192,PrimeKing,Jaipur,4.1,2022-02-08
S193,StarBar,Kolkata,4.9,2022-11-26
S194,RoyalBar,Mumbai,4.5,2023-10-04
S195,SportsBar,Kolkata,4.0,2022-04-16
S196,PrimeMart,Lucknow,4.0,2022-03-08
S197,FashionStore,Chennai,4.2,2023-06-17
S198,QuickMart,Kolkata,4.2,2023-12-05
S199,GadgetCraft,Jaipur,4.0,2022-07-12
S200,StyleTrade,Pune,3.5,2022-08-18
S201,GadgetBar,Mumbai,4.4,2022-06-23
S202,BeautyCraft,Mumbai,4.1,2023-10-18
S203,BookCenter,Ahmedabad,4.4,2023-09-01
S204,FashionBazaar,Delhi,4.5,2022-01-21
S205,FashionPoint,Delhi,4.1,2023-01-25
S206,BeautyMart,Chennai,4.2,2022-06-06
S207,KitchenPoint,Mumbai,4.0,2023-11-09
S208,BeautyBazaar,Ahmedabad,3.9,2023-09-13
S209,GadgetKing,Delhi,4.3,2023-09-25
S210,BeautyStore,Delhi,4.7,2023-05-25
S211,KitchenLand,Hyderabad,4.7,2023-06-20
S212,KitchenCraft,Pune,3.9,2022-02-10
S213,StarZone,Hyderabad,4.5,2023-05-08
S214,MegaBar,Mumbai,3.5,2022-04-02
S215,BeautyShop,Lucknow,4.5,2022-06-02
S216,HomeCenter,Ahmedabad,3.6,2024-01-11
S217,BeautyTrade,Chennai,4.5,2023-04-13
S218,ToyStore,Jaipur,3.6,2022-06-28
S219,FashionShop,Chennai,4.0,2023-11-25
S220,MegaKing,Delhi,3.6,2024-02-16
S221,FashionWorld,Bangalore,4.5,2022-06-24
S222,MegaCraft,Jaipur,4.9,2022-10-02
S223,HomeCraft,Kolkata,3.8,2023-02-15
S224,PrimeZone,Chennai,4.8,2023-12-08
S225,UrbanCenter,Pune,4.5,2022-06-20
S226,BeautyEssentials,Mumbai,5.0,2022-06-13
S227,BeautyKing,Lucknow,4.2,2023-08-06
S228,SmartEssentials,Lucknow,4.1,2023-01-03
S229,QuickWorld,Bangalore,4.2,2023-05-15
S230,BeautyTrade,Pune,4.2,2022-03-06
S231,BookBazaar,Kolkata,3.5,2023-11-26
S232,RoyalCenter,Lucknow,4.6,2022-08-18
S233,MegaMart,Ahmedabad,4.5,2023-09-26
S234,BeautyKing,Hyderabad,4.2,2023-11-11
S235,PrimeEssentials,Ahmedabad,4.8,2023-09-20
S236,FashionWorld,Bangalore,4.3,2023-04-26
S237,UrbanShop,Bangalore,3.6,2023-05-19
S238,MegaBar,Kolkata,5.0,2022-02-21
S239,RoyalBar,Ahmedabad,4.5,2023-02-17
S240,SportsHub,Jaipur,4.2,2023-08-10
S241,SmartHub,Jaipur,4.2,2022-05-02
S242,UrbanPoint,Mumbai,3.7,2023-02-27
S243,FashionMart,Ahmedabad,3.5,2022-04-04
S244,QuickLand,Chennai,4.8,2023-07-30
S245,KitchenBazaar,Jaipur,4.9,2023-01-08
S246,FashionShop,Hyderabad,4.8,2022-12-06
S247,StarCenter,Lucknow,4.4,2024-01-04
S248,SuperPoint,Jaipur,3.7,2024-02-17
S249,SportsWorld,Kolkata,4.0,2023-10-11
S250,ToyMart,Ahmedabad,4.1,2022-04-19
S251,FashionTrade,Bangalore,4.2,2024-01-05
S252,EliteHub,Chennai,4.4,2022-07-12
S253,BeautyTrade,Pune,3.8,2024-03-11
S254,KitchenPoint,Kolkata,3.7,2023-03-01
S255,FashionTrade,Lucknow,3.7,2023-04-07
S256,SmartBazaar,Lucknow,4.9,2022-05-18
S257,UrbanWorld,Ahmedabad,4.6,2023-07-21
S258,EliteShop,Lucknow,4.2,2023-06-05
S259,StylePoint,Lucknow,3.8,2022-05-12
S260,BeautyKing,Lucknow,4.4,2022-11-26
S261,RoyalTrade,Pune,4.1,2023-09-16
S262,SportsStore,Pune,4.9,2022-10-29
S263,SmartCenter,Bangalore,3.7,2023-09-09
S264,RoyalStore,Ahmedabad,4.8,2023-12-30
S265,StarBazaar,Hyderabad,3.8,2023-10-02
S266,ToyBazaar,Kolkata,4.9,2022-05-16
S267,StyleMart,Ahmedabad,4.5,2022-11-27
S268,BeautyCenter,Kolkata,4.3,2023-08-20
S269,GlobalBazaar,Pune,4.5,2023-07-01
S270,ToyTrade,Pune,4.7,2023-06-20
S271,BeautyWorld,Pune,3.7,2023-11-18
S272,FashionBar,Chennai,4.6,2022-06-14
S273,ToyBazaar,Chennai,3.7,2022-03-05
S274,ToyBar,Ahmedabad,3.5,2023-04-09
S275,BeautyLand,Ahmedabad,4.8,2024-01-31
S276,StarKing,Hyderabad,4.3,2023-12-14
S277,ToyPoint,Mumbai,4.9,2023-02-01
S278,EliteCenter,Kolkata,4.9,2022-02-25
S279,TechPoint,Chennai,3.8,2024-03-10
S280,SmartShop,Hyderabad,4.9,2023-12-23
S281,SuperCenter,Lucknow,4.3,2023-09-10
S282,KitchenCenter,Hyderabad,3.9,2022-07-01
S283,HomeEssentials,Bangalore,4.6,2022-05-03
S284,PrimeWorld,Pune,3.9,2022-09-28
S285,GadgetEssentials,Lucknow,4.8,2022-01-06
S286,MegaZone,Bangalore,3.6,2022-11-27
S287,QuickWorld,Lucknow,4.8,2022-11-05
S288,UrbanCenter,Lucknow,4.3,2022-03-16
S289,MegaMart,Hyderabad,4.9,2023-06-18
S290,HomeCenter,Ahmedabad,3.7,2023-07-11
S291,StarKing,Delhi,4.0,2022-08-07
S292,MegaCraft,Kolkata,3.9,2024-02-10
S293,QuickMart,Jaipur,5.0,2024-02-10
S294,TechHub,Kolkata,4.2,2023-10-20
S295,QuickTrade,Lucknow,3.9,2022-02-10
S296,MegaKing,Delhi,4.1,2023-07-08
S297,ToyWorld,Ahmedabad,4.7,2023-01-19
S298,RoyalCenter,Ahmedabad,4.2,2022-02-14
S299,ToyTrade,Hyderabad,4.0,2022-03-26
S300,BeautyEssentials,Ahmedabad,4.3,2023-10-04
S301,HomeBar,Hyderabad,4.8,2023-03-11
S302,BeautyBar,Ahmedabad,4.7,2024-01-30
S303,EliteBazaar,Delhi,4.6,2022-06-07
S304,TechZone,Kolkata,3.6,2022-03-17
S305,FashionEssentials,Chennai,4.3,2023-08-12
S306,SportsTrade,Chennai,4.1,2023-04-07
S307,PrimeKing,Kolkata,3.5,2023-11-21
S308,BeautyMart,Mumbai,4.5,2023-09-26
S309,HomeCenter,Lucknow,3.6,2022-03-16
S310,SuperTrade,Ahmedabad,3.7,2023-12-04
S311,ToyLand,Delhi,3.9,2023-03-25
S312,PrimeKing,Mumbai,4.2,2023-07-01
S313,SportsEssentials,Pune,4.7,2023-07-13
S314,ToyBazaar,Bangalore,3.9,2024-01-17
S315,SuperWorld,Ahmedabad,4.8,2022-05-25
S316,BeautyWorld,Mumbai,4.4,2023-02-08
S317,StarMart,Delhi,4.0,2024-02-06
S318,SuperBar,Pune,4.9,2023-06-09
S319,GadgetEssentials,Bangalore,3.8,2022-09-16
S320,KitchenHub,Bangalore,4.5,2023-08-04
S321,FashionShop,Ahmedabad,4.2,2023-07-17
S322,HomeStore,Delhi,3.9,2022-07-22
S323,GlobalZone,Kolkata,4.0,2023-11-19
S324,SportsHub,Chennai,4.4,2022-07-18
S325,MegaZone,Jaipur,4.0,2023-11-07
S326,ToyPoint,Lucknow,3.7,2023-08-04
S327,SuperCenter,Kolkata,4.9,2022-06-22
S328,TechCraft,Hyderabad,4.7,2023-12-31
S329,EliteStore,Kolkata,3.7,2024-01-21
S330,MegaTrade,Jaipur,4.2,2023-01-03
S331,ToyZone,Ahmedabad,3.7,2023-10-24
S332,QuickHub,Chennai,4.8,2022-05-24
S333,StarBar,Chennai,4.6,2023-10-04
S334,HomePoint,Delhi,4.8,2023-06-04
S335,TechShop,Lucknow,4.4,2024-02-27
S336,GlobalBar,Mumbai,4.3,2023-07-11
S337,StarZone,Bangalore,4.0,2022-08-17
S338,GlobalPoint,Chennai,3.7,2023-05-29
S339,RoyalHub,Pune,4.0,2022-01-11
S340,SportsShop,Lucknow,4.5,2024-02-15
S341,RoyalEssentials,Jaipur,3.7,2023-08-03
S342,GlobalBazaar,Bangalore,4.6,2023-05-11
S343,SuperWorld,Hyderabad,4.6,2022-08-26
S344,HomeStore,Kolkata,3.9,2023-11-16
S345,KitchenMart,Kolkata,4.1,2023-04-11
S346,FashionWorld,Kolkata,3.7,2023-06-18
S347,BookShop,Chennai,4.4,2023-08-07
S348,StyleKing,Pune,4.0,2023-11-01
S349,HomeMart,Chennai,4.1,2022-08-17
S350,RoyalKing,Kolkata,4.7,2022-12-20
S351,UrbanCenter,Jaipur,4.8,2022-01-07
S352,RoyalTrade,Bangalore,4.2,2022-08-24
S353,HomeMart,Chennai,3.8,2022-07-11
S354,StyleCraft,Lucknow,4.6,2022-05-02
S355,SportsKing,Kolkata,4.6,2023-05-09
S356,UrbanZone,Hyderabad,4.4,2023-10-25
S357,EliteWorld,Hyderabad,3.6,2023-08-11
S358,GlobalEssentials,Bangalore,4.4,2022-02-10
S359,GlobalEssentials,Mumbai,3.7,2022-07-04
S360,RoyalKing,Lucknow,5.0,2023-10-15
S361,TechTrade,Chennai,4.9,2022-08-10
S362,SmartLand,Jaipur,4.8,2022-06-24
S363,SportsShop,Pune,4.4,2023-08-20
S364,StyleLand,Ahmedabad,3.9,2024-01-12
S365,MegaTrade,Jaipur,4.4,2022-03-12
S366,SportsKing,Pune,3.7,2022-01-17
S367,KitchenMart,Ahmedabad,4.5,2022-06-03
S368,QuickHub,Bangalore,4.2,2023-09-22
S369,QuickWorld,Ahmedabad,4.3,2022-05-01
S370,HomeZone,Bangalore,4.9,2023-07-07
S371,TechTrade,Pune,4.3,2023-01-15
S372,FashionPoint,Ahmedabad,4.1,2023-05-09
S373,PrimeCraft,Lucknow,4.7,2024-02-19
S374,GlobalHub,Pune,3.7,2023-05-04
S375,SportsTrade,Delhi,3.9,2023-07-11
S376,EliteStore,Hyderabad,3.5,2024-02-01
S377,TechLand,Ahmedabad,3.7,2022-01-08
S378,PrimeBazaar,Hyderabad,4.5,2022-11-20
S379,EliteCraft,Delhi,3.7,2023-10-30
S380,GlobalStore,Chennai,4.8,2023-03-10
S381,GlobalCraft,Lucknow,3.9,2023-11-28
S382,PrimeCenter,Hyderabad,4.1,2023-07-25
S383,UrbanEssentials,Kolkata,4.3,2023-05-11
S384,BookStore,Lucknow,4.0,2023-12-24
S385,PrimePoint,Bangalore,4.8,2023-11-07
S386,BeautyPoint,Hyderabad,4.2,2023-12-18
S387,StyleHub,Hyderabad,4.3,2022-12-13
S388,StarLand,Mumbai,3.7,2023-10-14
S389,TechCenter,Delhi,4.7,2023-04-28
S390,QuickKing,Delhi,3.6,2022-08-16
S391,SuperHub,Lucknow,3.6,2023-01-29
S392,PrimeLand,Ahmedabad,3.9,2023-09-04
S393,FashionCenter,Bangalore,4.5,2023-03-26
S394,TechBar,Ahmedabad,3.9,2022-02-04
S395,QuickMart,Ahmedabad,4.5,2023-09-22
S396,StyleBazaar,Mumbai,4.0,2023-11-02
S397,TechEssentials,Delhi,5.0,2024-03-09
S398,PrimeCraft,Pune,4.1,2022-07-25
S399,RoyalWorld,Delhi,4.9,2023-07-17
S400,ToyPoint,Ahmedabad,4.9,2022-12-23
S401,SuperShop,Chennai,3.8,2022-07-19
S402,SmartTrade,Pune,4.4,2022-09-25
S403,StyleKing,Ahmedabad,3.7,2022-03-16
S404,RoyalStore,Kolkata,4.9,2023-06-10
S405,BookTrade,Ahmedabad,4.7,2023-08-12
S406,BookPoint,Jaipur,4.9,2023-07-31
S407,UrbanCenter,Hyderabad,4.6,2024-03-05
S408,SmartBazaar,Jaipur,4.8,2022-01-29
S409,UrbanHub,Chennai,3.6,2023-10-11
S410,SportsBazaar,Hyderabad,4.7,2023-02-27
S411,SuperMart,Ahmedabad,3.5,2022-09-27
S412,SportsStore,Delhi,4.1,2024-02-06
S413,MegaHub,Ahmedabad,4.9,2023-05-03
S414,MegaCraft,Hyderabad,4.8,2022-10-03
S415,StylePoint,Hyderabad,4.2,2022-07-24
S416,SportsPoint,Hyderabad,4.8,2022-07-31
S417,SportsBar,Hyderabad,4.8,2022-12-31
S418,GadgetCenter,Delhi,3.7,2022-03-22
S419,UrbanLand,Mumbai,4.6,2023-07-09
S420,FashionShop,Jaipur,4.1,2022-11-19
S421,UrbanTrade,Lucknow,4.8,2023-05-18
S422,StyleCenter,Ahmedabad,3.9,2022-08-16
S423,GlobalEssentials,Mumbai,4.3,2023-03-10
S424,UrbanMart,Mumbai,4.3,2023-02-08
S425,StyleZone,Delhi,4.5,2023-04-17
S426,MegaPoint,Mumbai,3.5,2022-08-04
S427,PrimeLand,Delhi,4.0,2023-09-20
S428,BookEssentials,Ahmedabad,3.9,2022-10-03
S429,UrbanLand,Kolkata,4.0,2023-05-26
S430,EliteBar,Pune,4.6,2023-01-17
S431,SuperShop,Pune,3.9,2022-07-04
S432,GlobalEssentials,Lucknow,4.5,2022-04-13
S433,BookCenter,Hyderabad,4.3,2023-01-26
S434,KitchenEssentials,Bangalore,4.2,2022-01-10
S435,StyleKing,Jaipur,3.7,2023-10-08
S436,RoyalMart,Kolkata,4.7,2022-11-04
S437,BookMart,Lucknow,3.6,2022-04-12
S438,StyleWorld,Hyderabad,4.7,2023-05-03
S439,BeautyZone,Kolkata,3.9,2023-01-04
S440,StarMart,Chennai,4.0,2023-02-26
S441,BeautyCraft,Lucknow,3.8,2023-08-13
S442,StarEssentials,Chennai,4.0,2023-11-21
S443,RoyalZone,Jaipur,4.8,2023-01-26
S444,QuickStore,Jaipur,4.4,2022-05-29
S445,StyleBazaar,Kolkata,4.1,2023-09-20
S446,GlobalKing,Delhi,3.6,2022-12-18
S447,SportsCraft,Kolkata,4.5,2023-12-29
S448,BookLand,Pune,3.9,2023-04-01
S449,SuperPoint,Lucknow,4.3,2023-04-07
S450,EliteEssentials,Bangalore,4.8,2022-05-09
S451,SportsBazaar,Chennai,4.9,2023-12-19
S452,HomeBar,Bangalore,4.1,2022-04-08
S453,HomeTrade,Jaipur,4.3,2022-01-27
S454,PrimeMart,Delhi,3.7,2023-09-25
S455,GadgetHub,Pune,4.0,2022-09-11
S456,ToyZone,Bangalore,3.7,2022-06-24
S457,TechWorld,Kolkata,4.8,2022-11-30
S458,UrbanZone,Ahmedabad,4.9,2023-07-16
S459,SmartEssentials,Ahmedabad,3.8,2023-09-04
S460,SmartBazaar,Lucknow,4.2,2023-10-18
S461,StarStore,Kolkata,4.2,2022-08-21
S462,HomeZone,Chennai,4.0,2022-09-24
S463,GadgetStore,Mumbai,3.5,2024-02-16
S464,GadgetCraft,Chennai,4.2,2022-01-09
S465,UrbanCenter,Jaipur,3.9,2024-02-24
S466,EliteCenter,Chennai,4.4,2022-01-08
S467,StarCraft,Hyderabad,4.1,2023-07-29
S468,EliteKing,Hyderabad,3.7,2024-01-25
S469,PrimeShop,Pune,3.8,2022-03-23
S470,EliteBazaar,Hyderabad,4.3,2023-09-20
S471,BookStore,Ahmedabad,4.7,2023-02-27
S472,KitchenShop,Delhi,3.8,2022-10-24
S473,BeautyBazaar,Jaipur,4.4,2022-10-06
S474,QuickZone,Hyderabad,4.0,2022-06-05
S475,FashionMart,Mumbai,3.8,2022-04-15
S476,ToyStore,Bangalore,4.6,2024-01-15
S477,TechBar,Delhi,3.7,2023-05-21
S478,KitchenCraft,Pune,4.0,2023-05-26
S479,SuperZone,Mumbai,4.0,2024-02-08
S480,GadgetWorld,Chennai,4.7,2022-03-15
S481,StarZone,Bangalore,3.8,2022-09-14
S482,PrimeShop,Mumbai,3.7,2024-02-26
S483,SportsKing,Jaipur,3.9,2022-02-04
S484,KitchenZone,Delhi,4.3,2022-08-02
S485,UrbanKing,Chennai,4.9,2022-06-12
S486,FashionPoint,Ahmedabad,4.3,2022-09-17
S487,UrbanBazaar,Chennai,3.8,2022-02-23
S488,KitchenHub,Hyderabad,4.4,2022-11-29
S489,TechEssentials,Chennai,4.4,2023-02-10
S490,SportsWorld,Mumbai,4.4,2023-12-09
S491,UrbanPoint,Lucknow,3.7,2024-02-29
S492,HomeBar,Bangalore,4.2,2023-12-04
S493,QuickCraft,Mumbai,3.6,2023-10-23
S494,GadgetPoint,Ahmedabad,4.7,2022-05-09
S495,UrbanBar,Kolkata,5.0,2023-10-23
S496,SuperCenter,Jaipur,4.6,2022-01-22
S497,PrimeCraft,Bangalore,3.9,2022-02-10
S498,UrbanPoint,Jaipur,4.3,2023-07-10
S499,UrbanBar,Lucknow,3.8,2022-12-23
S500,MegaPoint,Jaipur,3.9,2023-09-06
